<?xml version='1.0' encoding='UTF-8'?>
<templates>
	<template name='AEPxrSeExpr'>
		<attribute name='colorInput1' type='maya.float3'>
			<label>Color Input 1</label>
		</attribute>
		<attribute name='colorInput2' type='maya.float3'>
			<label>Color Input 2</label>
		</attribute>
		<attribute name='colorInput3' type='maya.float3'>
			<label>Color Input 3</label>
		</attribute>
		<attribute name='colorInput4' type='maya.float3'>
			<label>Color Input 4</label>
		</attribute>
		<attribute name='floatInput1' type='maya.float'>
			<label>Float Input 1</label>
		</attribute>
		<attribute name='floatInput2' type='maya.float'>
			<label>Float Input 2</label>
		</attribute>
		<attribute name='floatInput3' type='maya.float'>
			<label>Float Input 3</label>
		</attribute>
		<attribute name='floatInput4' type='maya.float'>
			<label>Float Input 4</label>
		</attribute>
		<attribute name='expression' type='maya.string'>
			<label>Expression</label>
		</attribute>
		<attribute name='caching' type='maya.bool'>
			<label>Caching</label>
		</attribute>
		<attribute name='nodeState' type='maya.enum'>
			<label>Node State</label>
		</attribute>
		<attribute name='_END_' type='maya.null'/>
	</template>
	<view name="Pxr" template="AEPxrSeExpr">
		<group name='PxrMayaMarbleAttributes'>
			<label>Pxr Se Expr Attributes</label> 
			<property name='colorInput1'/>
			<property name='colorInput2'/>
			<property name='colorInput3'/>
			<property name='colorInput4'/>
			<property name='floatInput1'>
				<description language="cb">AEPxrSeExpr</description>
			</property>
			<property name='floatInput2'>
				<description language="cb">AEPxrSeExpr</description>
			</property>
			<property name='floatInput3'>
				<description language="cb">AEPxrSeExpr</description>
			</property>
			<property name='floatInput4'>
				<description language="cb">AEPxrSeExpr</description>
			</property>
			<property name='expression'>
				<description language="cb">AEPxrSeExpr</description>
			</property>
		</group>
		<group name='NodeBehavior'>
			<label>Node Behavior</label> 
			<property name='caching'/>
			<property name='nodeState'/>
		</group>
		<property name='_END_'>
			<description language="cb">AEPxrSeExpr</description>
		</property>
	</view>
</templates>