<?xml version='1.0' encoding='UTF-8'?>
<templates>
	<template name='AEPxrMayaPlacement2d'>
		<attribute name='manifold' type='maya.string'>
			<label>Manifold</label>
		</attribute>
		<attribute name='coverage' type='maya.TdataCompound'>
			<label>Coverage</label>
		</attribute>
		<attribute name='translateFrame' type='maya.TdataCompound'>
			<label>Translate Frame</label>
		</attribute>
		<attribute name='rotateFrame' type='maya.float'>
			<label>Rotate Frame</label>
		</attribute>
		<attribute name='mirrorU' type='maya.bool'>
			<label>Mirror U</label>
		</attribute>
		<attribute name='mirrorV' type='maya.bool'>
			<label>Mirror V</label>
		</attribute>
		<attribute name='stagger' type='maya.bool'>
			<label>Stagger</label>
		</attribute>
		<attribute name='wrapU' type='maya.bool'>
			<label>Wrap U</label>
		</attribute>
		<attribute name='wrapV' type='maya.bool'>
			<label>Wrap V</label>
		</attribute>
		<attribute name='repeatUV' type='maya.TdataCompound'>
			<label>Repeat UV</label>
		</attribute>
		<attribute name='offset' type='maya.TdataCompound'>
			<label>Offset</label>
		</attribute>
		<attribute name='rotateUV' type='maya.float'>
			<label>Rotate UV</label>
		</attribute>
		<attribute name='noiseUV' type='maya.TdataCompound'>
			<label>Noise UV</label>
		</attribute>
		<attribute name='caching' type='maya.bool'>
			<label>Caching</label>
		</attribute>
		<attribute name='nodeState' type='maya.enum'>
			<label>Node State</label>
		</attribute>
		<attribute name='_END_' type='maya.null'/>
	</template>
	<view name="Pxr" template="AEPxrMayaPlacement2d">
		<group name='PxrMayaPlacement2dAttributes'>
			<label>Pxr Maya Placement 2D Attributes</label> 
			<property name='manifold'>
				<description language="cb">AEPxrMayaPlacement2d</description>
			</property> 
			<property name='coverage'>
				<description language="cb">AEPxrMayaPlacement2d</description>
			</property> 
			<property name='translateFrame'>
				<description language="cb">AEPxrMayaPlacement2d</description>
			</property> 
			<property name='rotateFrame'>
				<description language="cb">AEPxrMayaPlacement2d</description>
			</property> 
			<property name='mirrorU'>
				<description language="cb">AEPxrMayaPlacement2d</description>
			</property> 
			<property name='wrapU'>
				<description language="cb">AEPxrMayaPlacement2d</description>
			</property> 
			<property name='stagger'/>
			<group name='PxrMayaPlacement2dAttributes2'>
				<label>Pxr Maya Placement 2D Attributes 2</label> 
				<property name='repeatUV'>
					<description language="cb">AEPxrMayaPlacement2d</description>
				</property> 
				<property name='offset'>
					<description language="cb">AEPxrMayaPlacement2d</description>
				</property> 
				<property name='rotateUV'>
					<description language="cb">AEPxrMayaPlacement2d</description>
				</property> 
				<property name='noiseUV'>
					<description language="cb">AEPxrMayaPlacement2d</description>
				</property> 
			</group>
		</group>
		<group name='NodeBehavior'>
			<label>Node Behavior</label> 
			<property name='caching'/>
			<property name='nodeState'/>
		</group>
		<property name='_END_'>
			<description language="cb">AEPxrMayaPlacement2d</description>
		</property>
	</view>
</templates>
