<?xml version='1.0' encoding='UTF-8'?>
<templates>
	<template name='AEPxrMayaGammaCorrect'>
		<attribute name='value' type='maya.float3'>
			<label>Value</label>
		</attribute>
		<attribute name='gamma' type='maya.TdataCompound'>
			<label>Gamma</label>
		</attribute>
		<attribute name='caching' type='maya.bool'>
			<label>Caching</label>
		</attribute>
		<attribute name='nodeState' type='maya.enum'>
			<label>Node State</label>
		</attribute>
		<attribute name='_END_' type='maya.null'/>
	</template>
	<view name="Pxr" template="AEPxrMayaGammaCorrect">
		<group name='PxrMayaGammaCorrectAttributes'>
			<label>Pxr Maya Gamma Correct Attributes</label>
			<property name='value'/>
			<property name='gamma'>
				<description language="cb">AEPxrMayaGammaCorrect</description>
			</property>
		</group>
		<group name='NodeBehavior'>
			<label>Node Behavior</label>
			<property name='caching'/>
			<property name='nodeState'/>
		</group>
		<property name='_END_'>
			<description language="cb">AEPxrMayaGammaCorrect</description>
		</property>
	</view>
</templates> 