<?xml version='1.0' encoding='UTF-8'?>
<templates>
	<template name='AEPxrMayaRamp'>
		<attribute name='manifold' type='maya.string'>
			<label>Manifold</label>
		</attribute>
		<attribute name='type' type='maya.enum'>
			<label>Type</label>
		</attribute>
		<attribute name='interpolation' type='maya.enum'>
			<label>Interpolation</label>
		</attribute>
		<attribute name='color' type='maya.TdataCompound'/>
		<attribute name='position' type='maya.TdataCompound'/>
		<attribute name='rampControl' type='maya.null'/>
		<attribute name='uWave' type='maya.float'>
			<label>U Wave</label>
		</attribute>
		<attribute name='vWave' type='maya.float'>
			<label>V Wave</label>
		</attribute>
		<attribute name='noise' type='maya.float'>
			<label>Noise</label>
		</attribute>
		<attribute name='noiseFreq' type='maya.float'>
			<label>Noise Freq</label>
		</attribute>
		<attribute name='rman__flipControls' type='maya.null'/>
		<attribute name='hueNoise' type='maya.float'>
			<label>Hue Noise</label>
		</attribute>
		<attribute name='satNoise' type='maya.float'>
			<label>Sat Noise</label>
		</attribute>
		<attribute name='valNoise' type='maya.float'>
			<label>Val Noise</label>
		</attribute>
		<attribute name='hueNoiseFreq' type='maya.float'>
			<label>Hue Noise Freq</label>
		</attribute>
		<attribute name='satNoiseFreq' type='maya.float'>
			<label>Sat Noise Freq</label>
		</attribute>
		<attribute name='valNoiseFreq' type='maya.float'>
			<label>Val Noise Freq</label>
		</attribute>
		<attribute name='defaultColor' type='maya.double3'>
			<label>Default Color</label>
		</attribute>
		<attribute name='colorGain' type='maya.float3'>
			<label>Color Gain</label>
		</attribute>
		<attribute name='colorOffset' type='maya.float3'>
			<label>Color Offset</label>
		</attribute>
		<attribute name='alphaGain' type='maya.float'>
			<label>Alpha Gain</label>
		</attribute>
		<attribute name='alphaOffset' type='maya.float'>
			<label>Alpha Offset</label>
		</attribute>
		<attribute name='alphaIsLuminance' type='maya.bool'>
			<label>Alpha Is Luminance</label>
		</attribute>
		<attribute name='filter' type='maya.float'>
			<label>Filter</label>
		</attribute>
		<attribute name='filterOffset' type='maya.float'>
			<label>Filter Offset</label>
		</attribute>
		<attribute name='invert' type='maya.bool'>
			<label>Invert</label>
		</attribute>
		<attribute name='wrap' type='maya.bool'>
			<label>Wrap</label>
		</attribute>
		<attribute name='local' type='maya.bool'>
			<label>Local</label>
		</attribute>
		<attribute name='blend' type='maya.float'>
			<label>Blend</label>
		</attribute>
		<attribute name='caching' type='maya.bool'>
			<label>Caching</label>
		</attribute>
		<attribute name='nodeState' type='maya.enum'>
			<label>Node State</label>
		</attribute>
		<attribute name='_END_' type='maya.null'/>
	</template>
	<view name="Pxr" template="AEPxrMayaRamp">
		<group name='PxrMayaRampAttributes'>
			<label>Pxr Maya Ramp Attributes</label>
			<property name='manifold'>
				<description language="cb">AEPxrMayaRamp</description>
			</property>
			<property name='type'/>
			<property name='interpolation'/>
			<property name='rampControl'>
				<description language="cb">AEPxrMayaRamp</description>
			</property>
			<group name='PxrMayaRampAttributes2'>
				<label>Pxr Maya Ramp Attributes 2</label>
				<property name='uWave'>
					<description language="cb">AEPxrMayaRamp</description>
				</property>
				<property name='vWave'>
					<description language="cb">AEPxrMayaRamp</description>
				</property>
				<property name='noise'>
					<description language="cb">AEPxrMayaRamp</description>
				</property>
				<property name='noiseFreq'>
					<description language="cb">AEPxrMayaRamp</description>
				</property>
				<property name='rman__flipControls'>
					<description language="cb">AEPxrMayaRamp</description>
				</property>
			</group>
		</group>
		<group name='hsvColorNoise'>
			<label>HSV Color Noise</label>
			<property name='hueNoise'>
				<description language="cb">AEPxrMayaRamp</description>
			</property>
			<property name='satNoise'>
				<description language="cb">AEPxrMayaRamp</description>
			</property>
			<property name='valNoise'>
				<description language="cb">AEPxrMayaRamp</description>
			</property>
			<property name='hueNoiseFreq'>
				<description language="cb">AEPxrMayaRamp</description>
			</property>
			<property name='satNoiseFreq'>
				<description language="cb">AEPxrMayaRamp</description>
			</property>
			<property name='valNoiseFreq'>
				<description language="cb">AEPxrMayaRamp</description>
			</property>
		</group>
		<group name='ColorBalance'>
			<label>Color Balance</label>
			<property name='defaultColor'/>
			<property name='colorGain'/>
			<property name='colorOffset'/>
			<property name='alphaGain'>
				<description language="cb">AEPxrMayaRamp</description>
			</property>
			<property name='alphaOffset'>
				<description language="cb">AEPxrMayaRamp</description>
			</property>
		</group>
		<group name='Effects'>
			<label>Effects</label>
			<property name='invert'/>
		</group>
		<group name='nodeBehavior'>
			<label>Node Behavior</label>
			<property name='caching'/>
			<property name='nodeState'/>
		</group>
		<property name='_END_'>
			<description language="cb">AEPxrMayaRamp</description>
		</property>
	</view>
</templates> 