<?xml version='1.0' encoding='UTF-8'?>
<templates>
	<template name='AEPxrMayaSolidFractal'>
		<attribute name='manifold' type='maya.string'>
			<label>Manifold</label>
		</attribute>
		<attribute name='threshold' type='maya.float'>
			<label>Threshold</label>
		</attribute>
		<attribute name='amplitude' type='maya.float'>
			<label>Amplitude</label>
		</attribute>
		<attribute name='ratio' type='maya.float'>
			<label>Ratio</label>
		</attribute>
		<attribute name='frequencyRatio' type='maya.float'>
			<label>Frequency Ratio</label>
		</attribute>
		<attribute name='ripples' type='maya.color'>
			<label>Ripples</label>
		</attribute>
		<attribute name='depth' type='maya.TdataCompound'>
			<label>Depth</label>
		</attribute>
		<attribute name='bias' type='maya.float'>
			<label>Bias</label>
		</attribute>
		<attribute name='inflection' type='maya.bool'>
			<label>Inflection</label>
		</attribute>
		<attribute name='animated' type='maya.bool'>
			<label>Animated</label>
		</attribute>
		<attribute name='time' type='maya.float'>
			<label>Time</label>
		</attribute>
		<attribute name='timeRatio' type='maya.float'>
			<label>Time Ratio</label>
		</attribute>
		<attribute name='defaultColor' type='maya.float3'>
			<label>Default Color</label>
		</attribute>
		<attribute name='colorGain' type='maya.float3'>
			<label>Color Gain</label>
		</attribute>
		<attribute name='colorOffset' type='maya.float3'>
			<label>Color Offset</label>
		</attribute>
		<attribute name='alphaGain' type='maya.float'>
			<label>Alpha Gain</label>
		</attribute>
		<attribute name='alphaOffset' type='maya.float'>
			<label>Alpha Offset</label>
		</attribute>
		<attribute name='alphaIsLuminance' type='maya.bool'>
			<label>Alpha Is Luminance</label>
		</attribute>
		<attribute name='filter' type='maya.float'>
			<label>Filter</label>
		</attribute>
		<attribute name='filterOffset' type='maya.float'>
			<label>Filter Offset</label>
		</attribute>
		<attribute name='invert' type='maya.bool'>
			<label>Invert</label>
		</attribute>
		<attribute name='Wrap' type='maya.bool'>
			<label>Wrap</label>
		</attribute>
		<attribute name='local' type='maya.bool'>
			<label>Local</label>
		</attribute>
		<attribute name='blend' type='maya.float'>
			<label>Blend</label>
		</attribute>
		<attribute name='caching' type='maya.bool'>
			<label>Caching</label>
		</attribute>
		<attribute name='nodeState' type='maya.enum'>
			<label>Node State</label>
		</attribute>
		<attribute name='_END_' type='maya.null'/>
	</template>
	<view name="Pxr" template="AEPxrMayaSolidFractal">
		<group name='PxrMayaSolidFractalAttributes'>
			<label>Pxr Maya Solid Fractal Attributes</label>
			<property name='manifold'>
				<description language="cb">AEPxrMayaSolidFractal</description>
			</property>
			<property name='threshold'>
				<description language="cb">AEPxrMayaSolidFractal</description>
			</property>
			<property name='amplitude'>
				<description language="cb">AEPxrMayaSolidFractal</description>
			</property>
			<property name='ratio'>
				<description language="cb">AEPxrMayaSolidFractal</description>
			</property>
			<property name='frequencyRatio'>
				<description language="cb">AEPxrMayaSolidFractal</description>
			</property>
			<property name='ripples'>
				<description language="cb">AEPxrMayaSolidFractal</description>
			</property>
			<property name='depth'>
				<description language="cb">AEPxrMayaSolidFractal</description>
			</property>
			<group name='PxrMayaSolidFractalAttributes2'>
				<label>Pxr Maya Solid Fractal Attributes 2</label>
				<property name='bias'>
					<description language="cb">AEPxrMayaSolidFractal</description>
				</property>
				<property name='inflection'/>
				<property name='animated'>
					<description language="cb">AEPxrMayaSolidFractal</description>
				</property>
				<property name='time'>
					<description language="cb">AEPxrMayaSolidFractal</description>
				</property>
				<property name='timeRatio'>
					<description language="cb">AEPxrMayaSolidFractal</description>
				</property>
			</group>
		</group>
		<group name='ColorBalance'>
			<label>Color Balance</label>
			<property name='defaultColor'/>
			<property name='colorGain'/>
			<property name='colorOffset'/>
			<property name='alphaGain'>
				<description language="cb">AEPxrMayaSolidFractal</description>
			</property>
			<property name='alphaOffset'>
				<description language="cb">AEPxrMayaSolidFractal</description>
			</property>
			<property name='alphaIsLuminance'/>
		</group>
		<group name='Effects'>
			<label>Effects</label>
			<property name='filter'>
				<description language="cb">AEPxrMayaSolidFractal</description>
			</property>
			<property name='filterOffset'>
				<description language="cb">AEPxrMayaSolidFractal</description>
			</property>
			<property name='invert'/>
			<property name='wrap'/>
			<property name='local'/>
			<property name='blend'>
				<description language="cb">AEPxrMayaSolidFractal</description>
			</property>
		</group>
		<group name='nodeBehavior'>
			<label>Node Behavior</label>
			<property name='caching'/>
			<property name='nodeState'/>
		</group>
		<property name='_END_'>
			<description language="cb">AEPxrMayaSolidFractal</description>
		</property>
	</view>
</templates> 