<?xml version='1.0' encoding='UTF-8'?>
<templates>
	<template name='AEPxrMayaBulge'>
		<attribute name='manifold' type='maya.string'>
			<label>Manifold</label>
		</attribute>
		<attribute name='uWidth' type='maya.float'>
			<label>U Width</label>
		</attribute>
		<attribute name='vWidth' type='maya.float'>
			<label>V Width</label>
		</attribute>
		<attribute name='defaultColor' type='maya.float3'>
			<label>Default Color</label>
		</attribute>
		<attribute name='colorGain' type='maya.float3'>
			<label>Color Gain</label>
		</attribute>
		<attribute name='colorOffset' type='maya.float3'>
			<label>Color Offset</label>
		</attribute>
		<attribute name='alphaGain' type='maya.float'>
			<label>Alpha Gain</label>
		</attribute>
		<attribute name='alphaOffset' type='maya.float'>
			<label>Alpha Offset</label>
		</attribute>
		<attribute name='alphaIsLuminance' type='maya.float'>
			<label>Alpha Is Luminance</label>
		</attribute>
		<attribute name='invert' type='maya.float'>
			<label>Invert</label>
		</attribute>
		<attribute name='caching' type='maya.bool'>
			<label>Caching</label>
		</attribute>
		<attribute name='nodeState' type='maya.enum'>
			<label>Node State</label>
		</attribute>
		<attribute name='_END_' type='maya.null'/>
	</template>
	<view name="Pxr" template="AEPxrMayaBulge">
		<group name='PxrMayaBulgeAttributes'>
			<label>Pxr Maya Bulge Attributes</label>
			<property name='manifold'>
				<description language="cb">AEPxrMayaBulge</description>
			</property>
			<property name='uWidth'>
				<description language="cb">AEPxrMayaBulge</description>
			</property>
			<property name='vWidth'>
				<description language="cb">AEPxrMayaBulge</description>
			</property>
		</group>
		<group name='ColorBalance'>
			<label>Color Balance</label>
			<property name='defaultColor'/>
			<property name='colorGain'/>
			<property name='colorOffset'/>
			<property name='alphaGain'>
				<description language="cb">AEPxrMayaBulge</description>
			</property>
			<property name='alphaOffset'>
				<description language="cb">AEPxrMayaBulge</description>
			</property>
			<property name='alphaIsLuminance'>
				<description language="cb">AEPxrMayaBulge</description>
			</property>
		</group>
		<group name='Effects'>
			<property name='invert'>
				<description language="cb">AEPxrMayaBulge</description>
			</property>
		</group>
		<group name='NodeBehavior'>
			<label>Node Behavior</label>
			<property name='caching'/>
			<property name='nodeState'/>
		</group>
		<property name='_END_'>
			<description language="cb">AEPxrMayaBulge</description>
		</property>
	</view>
</templates> 