<?xml version='1.0' encoding='UTF-8'?>
<templates>
	<template name='AEPxrMayaCloth'>
		<attribute name='manifold' type='maya.string'>
			<label>Manifold</label>
		</attribute>
		<attribute name='gapColor' type='maya.float3'>
			<label>Gap Color</label>
		</attribute>
		<attribute name='uColor' type='maya.float3'>
			<label>U Color</label>
		</attribute>
		<attribute name='vColor' type='maya.float3'>
			<label>V Color</label>
		</attribute>
		<attribute name='uWidth' type='maya.float'>
			<label>U Width</label>
		</attribute>
		<attribute name='vWidth' type='maya.float'>
			<label>V Width</label>
		</attribute>
		<attribute name='uWave' type='maya.float'>
			<label>U Wave</label>
		</attribute>
		<attribute name='vWave' type='maya.float'>
			<label>V Wave</label>
		</attribute>
		<attribute name='randomness' type='maya.float'>
			<label>Randomness</label>
		</attribute>
		<attribute name='widthSpread' type='maya.float'>
			<label>Width Spread</label>
		</attribute>
		<attribute name='brightSpread' type='maya.float'>
			<label>Bright Spread</label>
		</attribute>
		<attribute name='defaultColor' type='maya.float3'>
			<label>Default Color</label>
		</attribute>
		<attribute name='colorGain' type='maya.float3'>
			<label>Color Gain</label>
		</attribute>
		<attribute name='colorOffset' type='maya.float3'>
			<label>Color Offset</label>
		</attribute>
		<attribute name='alphaGain' type='maya.float'>
			<label>Alpha Gain</label>
		</attribute>
		<attribute name='alphaOffset' type='maya.float'>
			<label>Alpha Offset</label>
		</attribute>
		<attribute name='alphaIsLuminance' type='maya.float'>
			<label>Alpha Is Luminance</label>
		</attribute>
		<attribute name='invert' type='maya.float'>
			<label>Invert</label>
		</attribute>
		<attribute name='blend' type='maya.float'>
			<label>Blend</label>
		</attribute>
		<attribute name='caching' type='maya.bool'>
			<label>Caching</label>
		</attribute>
		<attribute name='nodeState' type='maya.enum'>
			<label>Node State</label>
		</attribute>
		<attribute name='_END_' type='maya.null'/>
	</template>
	<view name="Pxr" template="AEPxrMayaCloth">
		<group name='PxrMayaClothAttributes'>
			<label>Pxr Maya Cloth Attributes</label>
			<property name='manifold'>
				<description language="cb">AEPxrMayaCloth</description>
			</property>
			<property name='gapColor'/>
			<property name='uColor'/>
			<property name='vColor'/>
			<property name='uWidth'>
				<description language="cb">AEPxrMayaCloth</description>
			</property>
			<property name='vWidth'>
				<description language="cb">AEPxrMayaCloth</description>
			</property>
			<property name='uWave'>
				<description language="cb">AEPxrMayaCloth</description>
			</property>
			<property name='vWave'>
				<description language="cb">AEPxrMayaCloth</description>
			</property>
			<group name='PxrMayaClothAttributes2'>
				<label>Pxr Maya Cloth Attributes 2</label>
				<property name='randomness'>
					<description language="cb">AEPxrMayaCloth</description>
				</property>
				<property name='widthSpread'>
					<description language="cb">AEPxrMayaCloth</description>
				</property>
				<property name='brightSpread'>
					<description language="cb">AEPxrMayaCloth</description>
				</property>
			</group>
		</group>
		<group name='ColorBalance'>
			<label>Color Balance</label>
			<property name='defaultColor'/>
			<property name='colorGain'/>
			<property name='colorOffset'/>
			<property name='alphaGain'>
				<description language="cb">AEPxrMayaCloth</description>
			</property>
			<property name='alphaOffset'>
				<description language="cb">AEPxrMayaCloth</description>
			</property>
			<property name='alphaIsLuminance'>
				<description language="cb">AEPxrMayaBulge</description>
			</property>
		</group>
		<group name='Effects'>
			<property name='invert'>
				<description language="cb">AEPxrMayaBulge</description>
			</property>
		</group>
		<group name='NodeBehavior'>
			<label>Node Behavior</label>
			<property name='caching'/>
			<property name='nodeState'/>
		</group>
		<property name='_END_'>
			<description language="cb">AEPxrMayaCloth</description>
		</property>
	</view>
</templates> 