<?xml version='1.0' encoding='UTF-8'?>
<templates>
	<template name='AEPxrRamp'>
		<attribute name='manifold' type='maya.string'>
			<label>Manifold</label>
		</attribute>
		<attribute name='rampType' type='maya.enum'>
			<label>Ramp Type</label>
		</attribute>
		<attribute name='basis' type='maya.enum'>
			<label>Spline Type</label>
		</attribute>
		<attribute name='colors' type='maya.TdataCompound'/>
		<attribute name='positions' type='maya.TdataCompound'/>
		<attribute name='rampControl' type='maya.null'/>
		<attribute name='reverse' type='maya.bool'>
			<label>Reverse</label>
		</attribute>
		<attribute name='tile' type='maya.bool'>
			<label>Tile</label>
		</attribute>
		<attribute name='splineMap' type='maya.float'>
			<label>Spline Map</label>
		</attribute>
		<attribute name='caching' type='maya.bool'>
			<label>Caching</label>
		</attribute>
		<attribute name='nodeState' type='maya.enum'>
			<label>Node State</label>
		</attribute>
		<attribute name='_END_' type='maya.null'/>
	</template>
	<view name="Pxr" template="AEPxrRamp">
		<group name='PxrRampAttributes'>
			<label>Pxr Ramp Attributes</label>
			<property name='manifold'>
				<description language="cb">AEPxrRamp</description>
			</property>
			<property name='rampType'/>
			<property name='basis'/>
			<property name='colors'/>
			<property name='positions'/>
			<property name='rampControl'>
				<description language="cb">AEPxrRamp</description>
			</property>
			<property name='reverse'>
				<description language="cb">AEPxrRamp</description>
			</property>
			<property name='splineMap'>
				<description language="cb">AEPxrRamp</description>
			</property>
		</group>
		<group name='NodeBehavior'>
			<label>Node Behavior</label>
			<property name='caching'/>
			<property name='nodeState'/>
		</group>
		<property name='_END_'>
			<description language="cb">AEPxrRamp</description>
		</property>
	</view>
</templates>
