<?xml version='1.0' encoding='UTF-8'?>
<templates>
	<template name='AEPxrMayaLayeredTexture'>
		<attribute name='layeredTextureControl' type='maya.null'/>
		<attribute name='color' type='maya.TdataCompound'/>
		<attribute name='alpha' type='maya.TdataCompound'/>
		<attribute name='blendMode' type='maya.enum'/>
		<attribute name='isVisible' type='maya.TdataCompound'/>
		<attribute name='alphaIsLuminance' type='maya.bool'>
			<label>Alpha Is Luminance</label>
		</attribute>
		<attribute name='caching' type='maya.bool'>
			<label>Caching</label>
		</attribute>
		<attribute name='nodeState' type='maya.enum'>
			<label>Node State</label>
		</attribute>
		<attribute name='_END_' type='maya.null'/>
	</template>
	<view name="Pxr" template="AEPxrMayaLayeredTexture">
		<group name='PxrMayaLayeredTextureAttributes'>
			<label>Pxr Maya Layered Texture Attributes</label>
			<property name='layeredTextureControl'>
				<description language="cb">AEPxrMayaLayeredTexture</description>
			</property>
			<property name='color'>
				<description language="cb">AEPxrMayaLayeredTexture</description>
			</property>
			<property name='alpha'>
				<description language="cb">AEPxrMayaLayeredTexture</description>
			</property>
			<property name='blendMode'>
				<description language="cb">AEPxrMayaLayeredTexture</description>
			</property>
			<property name='isVisible'>
				<description language="cb">AEPxrMayaLayeredTexture</description>
			</property>
			<property name='alphaIsLuminance'/>
		</group>
		<group name='NodeBehavior'>
			<label>Node Behavior</label>
			<property name='caching'/>
			<property name='nodeState'/>
		</group>
		<property name='_END_'>
			<description language="cb">AEPxrMayaLayeredTexture</description>
		</property>
	</view>
</templates> 