<?xml version='1.0' encoding='UTF-8'?>
<templates>

	<template name='AEPxrMayaMarble'>
		<attribute name='manifold' type='maya.string'>
			<label>Manifold</label>
		</attribute>
		<attribute name='fillerColor' type='maya.float3'>
			<label>Filler Color</label>
		</attribute>
		<attribute name='veinColor' type='maya.float3'>
			<label>Vein Color</label>
		</attribute>
		<attribute name='veinWidth' type='maya.float'>
			<label>Cell Size</label>
		</attribute>
		<attribute name='diffusion' type='maya.float'>
			<label>Density</label>
		</attribute>
		<attribute name='contrast' type='maya.float'>
			<label>Spottyness</label>
		</attribute>
		<attribute name='amplitude' type='maya.float'>
			<label>Randomness</label>
		</attribute>
		<attribute name='ratio' type='maya.float'>
			<label>Ratio</label>
		</attribute>
		<attribute name='ripples' type='maya.color'>
			<label>Ripples</label>
		</attribute>
		<attribute name='depth' type='maya.TdataCompound'>
			<label>Depth</label>
		</attribute>
		<attribute name='defaultColor' type='maya.float3'>
			<label>Default Color</label>
		</attribute>
		<attribute name='colorGain' type='maya.float3'>
			<label>Color Gain</label>
		</attribute>
		<attribute name='colorOffset' type='maya.float3'>
			<label>Color Offset</label>
		</attribute>
		<attribute name='alphaGain' type='maya.float'>
			<label>Alpha Gain</label>
		</attribute>
		<attribute name='alphaOffset' type='maya.float'>
			<label>Alpha Offset</label>
		</attribute>
		<attribute name='filter' type='maya.float'>
			<label>Filter</label>
		</attribute>
		<attribute name='filterOffset' type='maya.float'>
			<label>Filter Offset</label>
		</attribute>
		<attribute name='invert' type='maya.bool'>
			<label>Invert</label>
		</attribute>
		<attribute name='wrap' type='maya.bool'>
			<label>Wrap</label>
		</attribute>
		<attribute name='local' type='maya.bool'>
			<label>Local</label>
		</attribute>
		<attribute name='blend' type='maya.float'>
			<label>Blend</label>
		</attribute>
		<attribute name='caching' type='maya.bool'>
			<label>Caching</label>
		</attribute>
		<attribute name='nodeState' type='maya.enum'>
			<label>Node State</label>
		</attribute>
		<attribute name='_END_' type='maya.null'/>
	</template>

	<view name="Pxr" template="AEPxrMayaMarble">
		<group name='PxrMayaMarbleAttributes'>
			<label>Pxr Maya Marble Attributes</label>
			<property name='manifold'>
				<description language="cb">AEPxrMayaMarble</description>
			</property>
			<property name='fillerColor'/>
			<property name='veinColor'/>
			<property name='veinWidth'>
				<description language="cb">AEPxrMayaMarble</description>
			</property>
			<property name='diffusion'>
				<description language="cb">AEPxrMayaMarble</description>
			</property>
			<property name='contrast'>
				<description language="cb">AEPxrMayaMarble</description>
			</property>
		</group>
		<group name='NoiseAttributes'>
			<label>Noise Attributes</label>
			<property name='amplitude'>
				<description language="cb">AEPxrMayaMarble</description>
			</property>
			<property name='ratio'>
				<description language="cb">AEPxrMayaMarble</description>
			</property>
			<property name='ripples'>
				<description language="cb">AEPxrMayaMarble</description>
			</property>
			<property name='depth'>
				<description language="cb">AEPxrMayaMarble</description>
			</property>
		</group>
		<group name='ColorBalance'>
			<label>Color Balance</label>
			<property name='defaultColor'/>
			<property name='colorGain'/>
			<property name='colorOffset'/>
			<property name='alphaGain'>
				<description language="cb">AEPxrMayaMarble</description>
			</property>
			<property name='alphaOffset'>
				<description language="cb">AEPxrMayaMarble</description>
			</property>
		</group>
		<group name='Effects'>
			<label>Effects</label>
			<property name='filter'>
				<description language="cb">AEPxrMayaMarble</description>
			</property>
			<property name='filterOffset'>
				<description language="cb">AEPxrMayaMarble</description>
			</property>
			<property name='invert'/>
			<property name='wrap'/>
			<property name='local'/>
			<property name='blend'>
				<description language="cb">AEPxrMayaMarble</description>
			</property>
		</group>
		<group name='nodeBehavior'>
			<label>Node Behavior</label>
			<property name='caching'/>
			<property name='nodeState'/>
		</group>
		<property name='_END_'>
			<description language="cb">AEPxrMayaMarble</description>
		</property>
	</view>

</templates> 
