<?xml version='1.0' encoding='UTF-8'?>
<templates>
	<template name='AEsbDynamicSwitchC'>
		<attribute name='indexNumber' type='maya.float'>
			<label>Index Number</label>
		</attribute>
		<attribute name='indexBase' type='maya.float'>
			<label>Index Base</label>
		</attribute>
		<attribute name='outOfIndexColor' type='maya.float3'>
			<label>Out Of Index Color</label>
		</attribute>
		<attribute name='inputColor' type='maya.TdataCompound'>
			<label>Input Color</label>
		</attribute>
		<attribute name='inputDescription' type='maya.TdataCompound'>
			<label>Input Description</label>
		</attribute>
		<attribute name='caching' type='maya.bool'>
			<label>Caching</label>
		</attribute>
		<attribute name='nodeState' type='maya.enum'>
			<label>Node State</label>
		</attribute>
		<attribute name='_END_' type='maya.null'/>
	</template>
	<view name="Pxr" template="AEsbDynamicSwitchC">
		<group name='sbDynamicSwitchCAttributes'>
			<label>SB Dynamic Switch Color Attributes</label> 
			<property name='indexNumber'>
				<description language="cb">AEsbDynamicSwitchC</description>
			</property>
			<property name='indexBase'>
				<description language="cb">AEsbDynamicSwitchC</description>
			</property>
			<property name='outOfIndexColor'/>
			<group name='ColorInputList'>
				<label>Color Input List</label> 
				<property name='inputColor'>
					<description language="cb">AEsbDynamicSwitchC</description>
				</property>
			</group>
		</group>
		<group name='NodeBehavior'>
			<label>Node Behavior</label> 
			<property name='caching'/>
			<property name='nodeState'/>
		</group>
		<property name='_END_'>
			<description language="cb">AEsbDynamicSwitchC</description>
		</property>
	</view>
</templates>