<?xml version='1.0' encoding='UTF-8'?>
<!--
	This script/template is part of RenderMan for Maya Enhancement Pack
	by Ethan Phoenix, SandBird Studio
	Initial Date: 11/29/2015

		Version: 2.0
		
		Description: Template for PxrMLayeredTexture node.

	History:
	2.0 | 02/21/2016 |- Updated naming of template to allow compatibility with Maya original nodes
	1.0 | 11/29/2015 |- Initial release

-===========================================================================-
		All Rights Reserved © Ethan Phoenix. For personal use only.
	Commercial use is prohibited. Not for redistribution without permission.
-->
<templates>
	<template name='AEPxrMLayeredTexture'>
		<attribute name='layeredTextureControl' type='maya.null'/>
		<attribute name='color' type='maya.TdataCompound'/>
		<attribute name='alpha' type='maya.TdataCompound'/>
		<attribute name='blendMode' type='maya.enum'/>
		<attribute name='isVisible' type='maya.TdataCompound'/>
		<attribute name='alphaIsLuminance' type='maya.bool'>
			<label>Alpha Is Luminance</label>
		</attribute>
		<attribute name='caching' type='maya.bool'>
			<label>Caching</label>
		</attribute>
		<attribute name='nodeState' type='maya.enum'>
			<label>Node State</label>
		</attribute>
		<attribute name='_END_' type='maya.null'/>
	</template>
	<view name="Pxr" template="AEPxrMLayeredTexture">
		<group name='PxrMLayeredTextureAttributes'>
			<label>Pxr Maya Layered Texture Attributes</label>
			<property name='layeredTextureControl'>
				<description language="cb">AEPxrMLayeredTexture</description>
			</property>
			<property name='color'>
				<description language="cb">AEPxrMLayeredTexture</description>
			</property>
			<property name='alpha'>
				<description language="cb">AEPxrMLayeredTexture</description>
			</property>
			<property name='blendMode'>
				<description language="cb">AEPxrMLayeredTexture</description>
			</property>
			<property name='isVisible'>
				<description language="cb">AEPxrMLayeredTexture</description>
			</property>
			<property name='alphaIsLuminance'/>
		</group>
		<group name='NodeBehavior'>
			<label>Node Behavior</label>
			<property name='caching'/>
			<property name='nodeState'/>
		</group>
		<property name='_END_'>
			<description language="cb">AEPxrMLayeredTexture</description>
		</property>
	</view>
</templates> 