<?xml version='1.0' encoding='UTF-8'?>
<!--
	This script/template is part of RenderMan for Maya Enhancement Pack
	by Ethan Phoenix, SandBird Studio
	Initial Date: 11/29/2015

		Version: 1.0
		
		Description: Template for PxrSeExpr node.

	History:
	1.0 | 11/29/2015 |- Initial release

-===========================================================================-
		All Rights Reserved © Ethan Phoenix. For personal use only.
	Commercial use is prohibited. Not for redistribution without permission.
-->
<templates>
	<template name='AEPxrSeExpr'>
		<attribute name='colorInput1' type='maya.float3'>
			<label>Color Input 1</label>
		</attribute>
		<attribute name='colorInput2' type='maya.float3'>
			<label>Color Input 2</label>
		</attribute>
		<attribute name='colorInput3' type='maya.float3'>
			<label>Color Input 3</label>
		</attribute>
		<attribute name='colorInput4' type='maya.float3'>
			<label>Color Input 4</label>
		</attribute>
		<attribute name='floatInput1' type='maya.float'>
			<label>Float Input 1</label>
		</attribute>
		<attribute name='floatInput2' type='maya.float'>
			<label>Float Input 2</label>
		</attribute>
		<attribute name='floatInput3' type='maya.float'>
			<label>Float Input 3</label>
		</attribute>
		<attribute name='floatInput4' type='maya.float'>
			<label>Float Input 4</label>
		</attribute>
		<attribute name='expression' type='maya.string'>
			<label>Expression</label>
		</attribute>
		<attribute name='caching' type='maya.bool'>
			<label>Caching</label>
		</attribute>
		<attribute name='nodeState' type='maya.enum'>
			<label>Node State</label>
		</attribute>
		<attribute name='_END_' type='maya.null'/>
	</template>
	<view name="Pxr" template="AEPxrSeExpr">
		<group name='PxrMMarbleAttributes'>
			<label>Pxr Se Expr Attributes</label> 
			<property name='colorInput1'>
				<description language="cb">AEPxrSeExpr</description>
			</property>
			<property name='colorInput2'>
				<description language="cb">AEPxrSeExpr</description>
			</property>
			<property name='colorInput3'>
				<description language="cb">AEPxrSeExpr</description>
			</property>
			<property name='colorInput4'>
				<description language="cb">AEPxrSeExpr</description>
			</property>
			<property name='floatInput1'>
				<description language="cb">AEPxrSeExpr</description>
			</property>
			<property name='floatInput2'>
				<description language="cb">AEPxrSeExpr</description>
			</property>
			<property name='floatInput3'>
				<description language="cb">AEPxrSeExpr</description>
			</property>
			<property name='floatInput4'>
				<description language="cb">AEPxrSeExpr</description>
			</property>
			<property name='expression'>
				<description language="cb">AEPxrSeExpr</description>
			</property>
		</group>
		<group name='NodeBehavior'>
			<label>Node Behavior</label> 
			<property name='caching'/>
			<property name='nodeState'/>
		</group>
		<property name='_END_'>
			<description language="cb">AEPxrSeExpr</description>
		</property>
	</view>
</templates>