<?xml version='1.0' encoding='UTF-8'?>
<!--
	This script/template is part of RenderMan for Maya Enhancement Pack
	by Ethan Phoenix, SandBird Studio
	Initial Date: 11/29/2015

		Version: 2.0
		
		Description: Template for PxrMCloud node.

	History:
	2.0 | 02/21/2016 |- Updated naming of template to allow compatibility with Maya original nodes
	1.0 | 11/29/2015 |- Initial release

-===========================================================================-
		All Rights Reserved © Ethan Phoenix. For personal use only.
	Commercial use is prohibited. Not for redistribution without permission.
-->
<templates>
	<template name='AEPxrMCloud'>
		<attribute name='manifold' type='maya.string'>
			<label>Manifold</label>
		</attribute>
		<attribute name='color1' type='maya.float3'>
			<label>Color 1</label>
		</attribute>
		<attribute name='color2' type='maya.float3'>
			<label>Color 2</label>
		</attribute>
		<attribute name='contrast' type='maya.float'>
			<label>Contrast</label>
		</attribute>
		<attribute name='amplitude' type='maya.float'>
			<label>Amplitude</label>
		</attribute>
		<attribute name='depth' type='maya.TdataCompound'>
			<label>Depth</label>
		</attribute>
		<attribute name='ripples' type='maya.color'>
			<label>Ripples</label>
		</attribute>
		<attribute name='softEdges' type='maya.bool'>
			<label>Soft Edges</label>
		</attribute>
		<attribute name='edgeThresh' type='maya.float'>
			<label>Edge Thresh</label>
		</attribute>
		<attribute name='centerThresh' type='maya.float'>
			<label>Center Thresh</label>
		</attribute>
		<attribute name='transpRange' type='maya.float'>
			<label>Transp Range</label>
		</attribute>
		<attribute name='ratio' type='maya.float'>
			<label>Ratio</label>
		</attribute>
		<attribute name='normalCamera' type='maya.float3'>
			<label>Normal Camera</label>
		</attribute>
		<attribute name='defaultColor' type='maya.float3'>
			<label>Default Color</label>
		</attribute>
		<attribute name='colorGain' type='maya.float3'>
			<label>Color Gain</label>
		</attribute>
		<attribute name='colorOffset' type='maya.float3'>
			<label>Color Offset</label>
		</attribute>
		<attribute name='alphaGain' type='maya.float'>
			<label>Alpha Gain</label>
		</attribute>
		<attribute name='alphaOffset' type='maya.float'>
			<label>Alpha Offset</label>
		</attribute>
		<attribute name='alphaIsLuminance' type='maya.bool'>
			<label>Alpha Is Luminance</label>
		</attribute>
		<attribute name='filter' type='maya.float'>
			<label>Filter</label>
		</attribute>
		<attribute name='filterOffset' type='maya.float'>
			<label>Filter Offset</label>
		</attribute>
		<attribute name='invert' type='maya.bool'>
			<label>Invert</label>
		</attribute>
		<attribute name='wrap' type='maya.bool'>
			<label>Wrap</label>
		</attribute>
		<attribute name='local' type='maya.bool'>
			<label>Local</label>
		</attribute>
		<attribute name='blend' type='maya.float'>
			<label>Blend</label>
		</attribute>
		<attribute name='caching' type='maya.bool'>
			<label>Caching</label>
		</attribute>
		<attribute name='nodeState' type='maya.enum'>
			<label>Node State</label>
		</attribute>
		<attribute name='_END_' type='maya.null'/>
	</template>
	<view name="Pxr" template="AEPxrMCloud">
		<group name='PxrMCloudAttributes'>
			<label>Pxr Maya Cloud Attributes</label>
			<property name='manifold'>
				<description language="cb">AEPxrMCloud</description>
			</property>
			<property name='color1'/>
			<property name='color2'/>
			<property name='contrast'>
				<description language="cb">AEPxrMCloud</description>
			</property>
			<property name='amplitude'>
				<description language="cb">AEPxrMCloud</description>
			</property>
			<property name='depth'>
				<description language="cb">AEPxrMCloud</description>
			</property>
			<property name='ripples'>
				<description language="cb">AEPxrMCloud</description>
			</property>
			<group name='PxrMCloudAttributes2'>
				<label>Pxr Maya Cloud Attributes 2</label>
				<property name='softEdges'/>
				<property name='edgeThresh'>
					<description language="cb">AEPxrMCloud</description>
				</property>
				<property name='centerThresh'>
					<description language="cb">AEPxrMCloud</description>
				</property>
				<property name='transpRange'>
					<description language="cb">AEPxrMCloud</description>
				</property>
				<property name='ratio'>
					<description language="cb">AEPxrMCloud</description>
				</property>
				<property name='normalCamera'/>
			</group>
		</group>
		<group name='ColorBalance'>
			<label>Color Balance</label>
			<property name='defaultColor'/>
			<property name='colorGain'/>
			<property name='colorOffset'/>
			<property name='alphaGain'>
				<description language="cb">AEPxrMCloud</description>
			</property>
			<property name='alphaOffset'>
				<description language="cb">AEPxrMCloud</description>
			</property>
			<property name='alphaIsLuminance'/>
		</group>
		<group name='Effects'>
			<label>Effects</label>
			<property name='filter'>
				<description language="cb">AEPxrMCloud</description>
			</property>
			<property name='filterOffset'>
				<description language="cb">AEPxrMCloud</description>
			</property>
			<property name='invert'/>
			<property name='wrap'/>
			<property name='local'/>
			<property name='blend'>
				<description language="cb">AEPxrMCloud</description>
			</property>
		</group>
		<group name='NodeBehavior'>
			<label>Node Behavior</label>
			<property name='caching'/>
			<property name='nodeState'/>
		</group>
		<property name='_END_'>
			<description language="cb">AEPxrMCloud</description>
		</property>
	</view>
</templates> 