<?xml version='1.0' encoding='UTF-8'?>
<templates>
	<template name='AEPxrMMultiplyDivide'>
		<attribute name='operation' type='maya.enum'>
			<label>Operation</label>
		</attribute>
		<attribute name='input1' type='maya.float3'>
			<label>Input 1</label>
		</attribute>
		<attribute name='input2' type='maya.float3'>
			<label>Input 2</label>
		</attribute>
		<attribute name='caching' type='maya.bool'>
			<label>Caching</label>
		</attribute>
		<attribute name='nodeState' type='maya.enum'>
			<label>Node State</label>
		</attribute>
		<attribute name='_END_' type='maya.null'/> 
	</template>
	<view name="Pxr" template="AEPxrMMultiplyDivide">
		<group name='PxrMMultiplyDivideAttributes'>
		<label>Pxr Multiply Divide Attributes</label>
			<property name='operation'/>
			<property name='input1'>
				<description language="cb">AEPxrMMultiplyDivide</description> 
			</property>
			<property name='input2'>
				<description language="cb">AEPxrMMultiplyDivide</description> 
			</property>
		</group>
		<group name='NodeBehavior'>
		<label>Node Behavior</label>
			<property name='caching'/>
			<property name='nodeState'/>
		</group>
		<property name='_END_'>
			<description language="cb">AEPxrMMultiplyDivide</description>
		</property>
	</view>
</templates>