<?xml version='1.0' encoding='UTF-8'?>
<templates>
	<template name='AEPxrMCrater'>
		<attribute name='manifold' type='maya.string'>
			<label>Manifold</label>
		</attribute>
		<attribute name='snowColor' type='maya.float3'>
			<label>Snow Color</label>
		</attribute>
		<attribute name='surfaceColor' type='maya.float3'>
			<label>Surface Color</label>
		</attribute>
		<attribute name='threshold' type='maya.float'>
			<label>Threshold</label>
		</attribute>
		<attribute name='depthDecay' type='maya.float'>
			<label>Depth Decay</label>
		</attribute>
		<attribute name='thickness' type='maya.float'>
			<label>Thickness</label>
		</attribute>
		<attribute name='normalCamera' type='maya.float3'>
			<label>Normal Camera</label>
		</attribute>
		<attribute name='defaultColor' type='maya.float3'>
			<label>Default Color</label>
		</attribute>
		<attribute name='colorGain' type='maya.float3'>
			<label>Color Gain</label>
		</attribute>
		<attribute name='colorOffset' type='maya.float3'>
			<label>Color Offset</label>
		</attribute>
		<attribute name='alphaGain' type='maya.float'>
			<label>Alpha Gain</label>
		</attribute>
		<attribute name='alphaOffset' type='maya.float'>
			<label>Alpha Offset</label>
		</attribute>
		<attribute name='alphaIsLuminance' type='maya.bool'>
			<label>Alpha Is Luminance</label>
		</attribute>
		<attribute name='invert' type='maya.bool'>
			<label>Invert</label>
		</attribute>
		<attribute name='wrap' type='maya.bool'>
			<label>Wrap</label>
		</attribute>
		<attribute name='local' type='maya.bool'>
			<label>Local</label>
		</attribute>
		<attribute name='blend' type='maya.float'>
			<label>Blend</label>
		</attribute>
		<attribute name='caching' type='maya.bool'>
			<label>Caching</label>
		</attribute>
		<attribute name='nodeState' type='maya.enum'>
			<label>Node State</label>
		</attribute>
		<attribute name='_END_' type='maya.null'/>
	</template>
	<view name="Pxr" template="AEPxrMCrater">
		<group name='PxrMCraterAttributes'>
			<label>Pxr Maya Crater Attributes</label>
			<property name='manifold'>
				<description language="cb">AEPxrMCrater</description>
			</property>
			<property name='snowColor'/>
			<property name='surfaceColor'/>
			<property name='threshold'>
				<description language="cb">AEPxrMCrater</description>
			</property>
			<property name='depthDecay'>
				<description language="cb">AEPxrMCrater</description>
			</property>
			<property name='thickness'>
				<description language="cb">AEPxrMCrater</description>
			</property>
			<property name='normalCamera'/>
		</group>
		<group name='ColorBalance'>
			<label>Color Balance</label>
			<property name='defaultColor'/>
			<property name='colorGain'/>
			<property name='colorOffset'/>
			<property name='alphaGain'>
				<description language="cb">AEPxrMCrater</description>
			</property>
			<property name='alphaOffset'>
				<description language="cb">AEPxrMCrater</description>
			</property>
			<property name='alphaIsLuminance'/>
		</group>
		<group name='Effects'>
			<label>Effects</label>
			<property name='invert'/>
			<property name='wrap'/>
			<property name='local'/>
			<property name='blend'>
				<description language="cb">AEPxrMCrater</description>
			</property>
		</group>
		<group name='nodeBehavior'>
			<label>Node Behavior</label>
			<property name='caching'/>
			<property name='nodeState'/>
		</group>
		<property name='_END_'>
			<description language="cb">AEPxrMCrater</description>
		</property>
	</view>
</templates>