<?xml version='1.0' encoding='UTF-8'?>
<templates>
	<template name='AEPxrMPlusMinusAverage'>
		<attribute name='operation' type='maya.enum'>
			<label>Operation</label>
		</attribute>
		<attribute name='input1D' type='maya.TdataCompound'>
			<label>Input 1D</label>
		</attribute>
		<attribute name='input2D' type='maya.TdataCompound'>
			<label>Input 2D</label>
		</attribute>
		<attribute name='input3D' type='maya.TdataCompound'>
			<label>Input 3D</label>
		</attribute>
		<attribute name='caching' type='maya.bool'>
			<label>Caching</label>
		</attribute>
		<attribute name='nodeState' type='maya.enum'>
			<label>Node State</label>
		</attribute>
		<attribute name='_END_' type='maya.null'/> 
	</template>
	<view name="Pxr" template="AEPxrMPlusMinusAverage">
		<group name='PxrMRemapHsvAttributes'>
		<label>Pxr Maya Plus Minus Average Attributes</label>
			<property name='operation'/>
		</group>
		<group name='Input1D'>
		<label>Input 1D</label>
			<property name='input1D'>
				<description language="cb">AEPxrMPlusMinusAverage</description>
			</property>
		</group>
		<group name='Input2D'>
		<label>Input 2D</label>
			<property name='input2D'>
				<description language="cb">AEPxrMPlusMinusAverage</description>
			</property>
		</group>
		<group name='Input3D'>
		<label>Input 3D</label>
			<property name='input3D'>
				<description language="cb">AEPxrMPlusMinusAverage</description>
			</property>
		</group>
		<group name='NodeBehavior'>
		<label>Node Behavior</label> 
			<property name='caching'/>
			<property name='nodeState'/>
		</group>
		<property name='_END_'>
			<description language="cb">AEPxrMPlusMinusAverage</description>
		</property>
	</view>
</templates>