<?xml version='1.0' encoding='UTF-8'?>
<templates>
	<template name='AEPxrMRock'>
		<attribute name='manifold' type='maya.string'>
			<label>Manifold</label>
		</attribute>
		<attribute name='color1' type='maya.float3'>
			<label>Color 1</label>
		</attribute>
		<attribute name='color2' type='maya.float3'>
			<label>Color 2</label>
		</attribute>
		<attribute name='grainSize' type='maya.float'>
			<label>Grain Size</label>
		</attribute>
		<attribute name='diffusion' type='maya.float'>
			<label>Diffusion</label>
		</attribute>
		<attribute name='mixRatio' type='maya.float'>
			<label>Mix Ration</label>
		</attribute>
		<attribute name='defaultColor' type='maya.float3'>
			<label>Default Color</label>
		</attribute>
		<attribute name='colorGain' type='maya.float3'>
			<label>Color Gain</label>
		</attribute>
		<attribute name='colorOffset' type='maya.float3'>
			<label>Color Offset</label>
		</attribute>
		<attribute name='alphaGain' type='maya.float'>
			<label>Alpha Gain</label>
		</attribute>
		<attribute name='alphaOffset' type='maya.float'>
			<label>Alpha Offset</label>
		</attribute>
		<attribute name='alphaIsLuminance' type='maya.bool'>
			<label>Alpha Is Luminance</label>
		</attribute>
		<attribute name='filter' type='maya.float'>
			<label>Filter</label>
		</attribute>
		<attribute name='filterOffset' type='maya.float'>
			<label>Filter Offset</label>
		</attribute>
		<attribute name='invert' type='maya.bool'>
			<label>Invert</label>
		</attribute>
		<attribute name='wrap' type='maya.bool'>
			<label>Wrap</label>
		</attribute>
		<attribute name='local' type='maya.bool'>
			<label>Local</label>
		</attribute>
		<attribute name='blend' type='maya.float'>
			<label>Blend</label>
		</attribute>
		<attribute name='caching' type='maya.bool'>
			<label>Caching</label>
		</attribute>
		<attribute name='nodeState' type='maya.enum'>
			<label>Node State</label>
		</attribute>
		<attribute name='_END_' type='maya.null'/>
	</template>
	<view name="Pxr" template="AEPxrMRock">
		<group name='PxrMRockAttributes'>
			<label>Pxr Maya Rock Attributes</label>
			<property name='manifold'>
				<description language="cb">AEPxrMRock</description>
			</property>
			<property name='color1'/>
			<property name='color2'/>
			<property name='grainSize'>
				<description language="cb">AEPxrMRock</description>
			</property>
			<property name='diffusion'>
				<description language="cb">AEPxrMRock</description>
			</property>
			<property name='mixRatio'>
				<description language="cb">AEPxrMRock</description>
			</property>
		</group>
			<group name='ColorBalance'>
				<label>Color Balance</label>
				<property name='defaultColor'/>
				<property name='colorGain'/>
				<property name='colorOffset'/>
				<property name='alphaGain'>
					<description language="cb">AEPxrMRock</description>
				</property>
				<property name='alphaOffset'>
					<description language="cb">AEPxrMRock</description>
				</property>
				<property name='alphaIsLuminance'/>
			</group>
			<group name='Effects'>
				<label>Effects</label>
				<property name='filter'>
					<description language="cb">AEPxrMRock</description>
				</property>
				<property name='filterOffset'>
					<description language="cb">AEPxrMRock</description>
				</property>
				<property name='invert'/>
				<property name='wrap'/>
				<property name='local'/>
				<property name='blend'>
					<description language="cb">AEPxrMRock</description>
				</property>
			</group>
			<group name='nodeBehavior'>
				<label>Node Behavior</label>
				<property name='caching'/>
				<property name='nodeState'/>
			</group>
			<property name='_END_'>
				<description language="cb">AEPxrMRock</description>
			</property>
		</view>
</templates> 