<?xml version='1.0' encoding='UTF-8'?>
<templates>
	<template name='AEPxrMMountain'>
		<attribute name='manifold' type='maya.string'>
			<label>Manifold</label>
		</attribute>
		<attribute name='snowColor' type='maya.float3'>
			<label>Snow Color</label>
		</attribute>
		<attribute name='rockColor' type='maya.float3'>
			<label>Rock Color</label>
		</attribute>
		<attribute name='amplitude' type='maya.float'>
			<label>Amplitude</label>
		</attribute>
		<attribute name='snowRoughness' type='maya.float'>
			<label>Snow Roughness</label>
		</attribute>
		<attribute name='rockRoughness' type='maya.float'>
			<label>Rock Roughness</label>
		</attribute>
		<attribute name='boundary' type='maya.float'>
			<label>Boundary</label>
		</attribute>
		<attribute name='snowAltitude' type='maya.float'>
			<label>Snow Altitude</label>
		</attribute>
		<attribute name='snowDropoff' type='maya.float'>
			<label>Snow Dropoff</label>
		</attribute>
		<attribute name='snowSlope' type='maya.float'>
			<label>Snow Slope</label>
		</attribute>
		<attribute name='depthMax' type='maya.float'>
			<label>Depth Max</label>
		</attribute>
		<attribute name='defaultColor' type='maya.float3'>
			<label>Default Color</label>
		</attribute>
		<attribute name='colorGain' type='maya.float3'>
			<label>Color Gain</label>
		</attribute>
		<attribute name='colorOffset' type='maya.float3'>
			<label>Color Offset</label>
		</attribute>
		<attribute name='alphaGain' type='maya.float'>
			<label>Alpha Gain</label>
		</attribute>
		<attribute name='alphaOffset' type='maya.float'>
			<label>Alpha Offset</label>
		</attribute>
		<attribute name='alphaIsLuminance' type='maya.float'>
			<label>Alpha Is Luminance</label>
		</attribute>
		<attribute name='filter' type='maya.float'>
			<label>Filter</label>
		</attribute>
		<attribute name='filterOffset' type='maya.float'>
			<label>Filter Offset</label>
		</attribute>
		<attribute name='invert' type='maya.float'>
			<label>Invert</label>
		</attribute>
		<attribute name='caching' type='maya.bool'>
			<label>Caching</label>
		</attribute>
		<attribute name='nodeState' type='maya.enum'>
			<label>Node State</label>
		</attribute>
		<attribute name='_END_' type='maya.null'/>
	</template>
	<view name="Pxr" template="AEPxrMMountain">
		<group name='PxrMMountainAttributes'>
			<label>Pxr Maya Mountain Attributes</label>
			<property name='manifold'>
				<description language="cb">AEPxrMMountain</description>
			</property>
			<property name='snowColor'/>
			<property name='rockColor'/>
			<property name='amplitude'>
				<description language="cb">AEPxrMMountain</description>
			</property>
			<property name='snowRoughness'>
				<description language="cb">AEPxrMMountain</description>
			</property>
			<property name='rockRoughness'>
				<description language="cb">AEPxrMMountain</description>
			</property>
			<property name='boundary'>
				<description language="cb">AEPxrMMountain</description>
			</property>
			<group name='PxrMMountainAttributes2'>
				<label>Pxr Maya Mountain Attributes 2</label>
				<property name='snowAltitude'>
					<description language="cb">AEPxrMMountain</description>
				</property>
				<property name='snowDropoff'>
					<description language="cb">AEPxrMMountain</description>
				</property>
				<property name='snowSlope'>
					<description language="cb">AEPxrMMountain</description>
				</property>
				<property name='depthMax'>
					<description language="cb">AEPxrMMountain</description>
				</property>
			</group>
		</group>
		<group name='ColorBalance'>
			<label>Color Balance</label>
			<property name='defaultColor'/>
			<property name='colorGain'/>
			<property name='colorOffset'/>
			<property name='alphaGain'>
				<description language="cb">AEPxrMMountain</description>
			</property>
			<property name='alphaOffset'>
				<description language="cb">AEPxrMMountain</description>
			</property>
			<property name='alphaIsLuminance'>
				<description language="cb">AEPxrMMountain</description>
			</property>
		</group>
		<group name='Effects'>
			<label>Effects</label>
			<property name='filter'>
				<description language="cb">AEPxrMMountain</description>
			</property>
			<property name='filterOffset'>
				<description language="cb">AEPxrMMountain</description>
			</property>
			<property name='invert'>
				<description language="cb">AEPxrMMountain</description>
			</property>
		</group>
		<group name='nodeBehavior'>
			<label>Node Behavior</label>
			<property name='caching'/>
			<property name='nodeState'/>
		</group>
		<property name='_END_'>
			<description language="cb">AEPxrMMountain</description>
		</property>
	</view>
</templates> 
