<?xml version='1.0' encoding='UTF-8'?>
<templates>
	<template name='AEPxrMNoise'>
		<attribute name='manifold' type='maya.string'>
			<label>Manifold</label>
		</attribute>
		<attribute name='threshold' type='maya.float'>
			<label>Threshold</label>
		</attribute>
		<attribute name='amplitude' type='maya.float'>
			<label>Amplitude</label>
		</attribute>
		<attribute name='ratio' type='maya.float'>
			<label>Ratio</label>
		</attribute>
		<attribute name='frequencyRatio' type='maya.float'>
			<label>Frequency Ratio</label>
		</attribute>
		<attribute name='depthMax' type='maya.float'>
			<label>Depth Max</label>
		</attribute>
		<attribute name='inflection' type='maya.bool'>
			<label>Inflection</label>
		</attribute>
		<attribute name='time' type='maya.float'>
			<label>Time</label>
		</attribute>
		<attribute name='frequency' type='maya.float'>
			<label>Frequency</label>
		</attribute>
		<attribute name='implode' type='maya.float'>
			<label>Implode</label>
		</attribute>
		<attribute name='implodeCenter' type='maya.TdataCompound'>
			<label>Implode Center</label>
		</attribute>
		<attribute name='noiseType' type='maya.enum'>
			<label>Noise Type</label>
		</attribute>
		<attribute name='density' type='maya.float'>
			<label>Density</label>
		</attribute>
		<attribute name='spottyness' type='maya.float'>
			<label>Spottyness</label>
		</attribute>
		<attribute name='sizeRand' type='maya.float'>
			<label>Size Rand</label>
		</attribute>
		<attribute name='randomness' type='maya.float'>
			<label>Randomness</label>
		</attribute>
		<attribute name='falloff' type='maya.enum'>
			<label>Falloff</label>
		</attribute>
		<attribute name='numWaves' type='maya.float'>
			<label>Num Waves</label>
		</attribute>
		<attribute name='defaultColor' type='maya.float3'>
			<label>Default Color</label>
		</attribute>
		<attribute name='colorGain' type='maya.float3'>
			<label>Color Gain</label>
		</attribute>
		<attribute name='colorOffset' type='maya.float3'>
			<label>Color Offset</label>
		</attribute>
		<attribute name='alphaGain' type='maya.float'>
			<label>Alpha Gain</label>
		</attribute>
		<attribute name='alphaOffset' type='maya.float'>
			<label>Alpha Offset</label>
		</attribute>
		<attribute name='alphaIsLuminance' type='maya.bool'>
			<label>Alpha Is Luminance</label>
		</attribute>
		<attribute name='filter' type='maya.float'>
			<label>Filter</label>
		</attribute>
		<attribute name='filterOffset' type='maya.float'>
			<label>Filter Offset</label>
		</attribute>
		<attribute name='invert' type='maya.bool'>
			<label>Invert</label>
		</attribute>
		<attribute name='caching' type='maya.bool'>
			<label>Caching</label>
		</attribute>
		<attribute name='nodeState' type='maya.enum'>
			<label>Node State</label>
		</attribute>
		<attribute name='_END_' type='maya.null'/>
	</template>

	<view name="Pxr" template="AEPxrMNoise">
		<group name='PxrMNoiseAttributes'>
			<label>Pxr Maya Noise Attributes</label>
			<property name='manifold'>
				<description language="cb">AEPxrMNoise</description>
			</property>
			<property name='threshold'>
				<description language="cb">AEPxrMNoise</description>
			</property>
			<property name='amplitude'>
				<description language="cb">AEPxrMNoise</description>
			</property>
			<property name='ratio'>
				<description language="cb">AEPxrMNoise</description>
			</property>
			<property name='frequencyRatio'>
				<description language="cb">AEPxrMNoise</description>
			</property>
			<property name='depthMax'>
				<description language="cb">AEPxrMNoise</description>
			</property>
			<property name='inflection'/>
			<property name='time'>
				<description language="cb">AEPxrMNoise</description>
			</property>
			<property name='frequency'>
				<description language="cb">AEPxrMNoise</description>
			</property>
			<group name='PxrMNoiseAttributes2'>
				<label>Pxr Maya Noise Attributes 2</label>
				<property name='implode'>
					<description language="cb">AEPxrMNoise</description>
				</property>
				<property name='implodeCenter'>
					<description language="cb">AEPxrMNoise</description>
				</property>
				<property name='noiseType'>
					<description language="cb">AEPxrMNoise</description>
				</property>
				<property name='density'>
					<description language="cb">AEPxrMNoise</description>
				</property>
				<property name='spottyness'>
					<description language="cb">AEPxrMNoise</description>
				</property>
				<property name='sizeRand'>
					<description language="cb">AEPxrMNoise</description>
				</property>
				<property name='randomness'>
					<description language="cb">AEPxrMNoise</description>
				</property>
				<property name='falloff'>
					<description language="cb">AEPxrMNoise</description>
				</property>
				<property name='numWaves'>
					<description language="cb">AEPxrMNoise</description>
				</property>
			</group>
		</group>
		<group name='ColorBalance'>
			<label>Color Balance</label>
			<property name='defaultColor'/>
			<property name='colorGain'/>
			<property name='colorOffset'/>
			<property name='alphaGain'>
				<description language="cb">AEPxrMNoise</description>
			</property>
			<property name='alphaOffset'>
				<description language="cb">AEPxrMNoise</description>
			</property>
			<property name='alphaIsLuminance'/>
		</group>
		<group name='Effects'>
			<label>Effects</label>
			<property name='filter'>
				<description language="cb">AEPxrMNoise</description>
			</property>
			<property name='filterOffset'>
				<description language="cb">AEPxrMNoise</description>
			</property>
			<property name='invert'/>
		</group>
		<group name='nodeBehavior'>
			<label>Node Behavior</label>
			<property name='caching'/>
			<property name='nodeState'/>
		</group>
		<property name='_END_'>
			<description language="cb">AEPxrMNoise</description>
		</property>
	</view>
</templates> 