<?xml version='1.0' encoding='UTF-8'?>
<templates>
	<template name='AEPxrLayeredBlend'>
		<attribute name='layeredTextureControl' type='maya.null'/>
		<attribute name='backgroundRGB' type='maya.float3'/>
		<attribute name='RGB_0' type='maya.float3'/>
		<attribute name='RGB_1' type='maya.float3'/>
		<attribute name='RGB_2' type='maya.float3'/>
		<attribute name='RGB_3' type='maya.float3'/>
		<attribute name='RGB_4' type='maya.float3'/>
		<attribute name='RGB_5' type='maya.float3'/>
		<attribute name='RGB_6' type='maya.float3'/>
		<attribute name='RGB_7' type='maya.float3'/>
		<attribute name='backgroundA' type='maya.float'/>
		<attribute name='A_0' type='maya.float'/>
		<attribute name='A_1' type='maya.float'/>
		<attribute name='A_2' type='maya.float'/>
		<attribute name='A_3' type='maya.float'/>
		<attribute name='A_4' type='maya.float'/>
		<attribute name='A_5' type='maya.float'/>
		<attribute name='A_6' type='maya.float'/>
		<attribute name='A_7' type='maya.float'/>
		<attribute name='operation_0' type='maya.enum'/>
		<attribute name='operation_1' type='maya.enum'/>
		<attribute name='operation_2' type='maya.enum'/>
		<attribute name='operation_3' type='maya.enum'/>
		<attribute name='operation_4' type='maya.enum'/>
		<attribute name='operation_5' type='maya.enum'/>
		<attribute name='operation_6' type='maya.enum'/>
		<attribute name='operation_7' type='maya.enum'/>
		<attribute name='enable_0' type='maya.bool'/>
		<attribute name='enable_1' type='maya.bool'/>
		<attribute name='enable_2' type='maya.bool'/>
		<attribute name='enable_3' type='maya.bool'/>
		<attribute name='enable_4' type='maya.bool'/>
		<attribute name='enable_5' type='maya.bool'/>
		<attribute name='enable_6' type='maya.bool'/>
		<attribute name='enable_7' type='maya.bool'/>
		<attribute name='clampOutput' type='maya.bool'>
			<label>Clamp Output</label>
		</attribute>
		<attribute name='caching' type='maya.bool'>
			<label>Caching</label>
		</attribute>
		<attribute name='nodeState' type='maya.enum'>
			<label>Node State</label>
		</attribute>
		<attribute name='_END_' type='maya.null'/>
	</template>
	<view name="Pxr" template="AEPxrLayeredBlend">
		<group name='PxrPxrLayeredBlendAttributes'>
			<label>Pxr Layered Blend Attributes</label>
			<property name='layeredTextureControl'>
				<description language="cb">AEPxrLayeredBlend</description>
			</property>
			<property name='clampOutput'/>
		</group>
		<group name='NodeBehavior'>
			<label>Node Behavior</label>
			<property name='caching'/>
			<property name='nodeState'/>
		</group>
		<property name='_END_'>
			<description language="cb">AEPxrLayeredBlend</description>
		</property>
	</view>
</templates>
