<?xml version='1.0' encoding='UTF-8'?>
<templates>
	<template name='AEPxrMRemapHsv'>
		<attribute name='cl' type='maya.float3'>
			<label>Input Value</label>
		</attribute>
		<attribute name='hueRampControl' type='maya.null'/>
		<attribute name='hue_Position' type='maya.TdataCompound'>
			<label>Selected Position</label>
		</attribute>
		<attribute name='hue_FloatValue' type='maya.TdataCompound'>
			<label>Selected Value</label>
		</attribute>
		<attribute name='hue_Interp' type='maya.TdataCompound'>
			<label>Interpolation</label>
		</attribute>
		<attribute name='saturationRampControl' type='maya.null'/>
		<attribute name='saturation_Position' type='maya.TdataCompound'>
			<label>Selected Position</label>
		</attribute>
		<attribute name='saturation_FloatValue' type='maya.TdataCompound'>
			<label>Selected Value</label>
		</attribute>
		<attribute name='saturation_Interp' type='maya.TdataCompound'>
			<label>Interpolation</label>
		</attribute>
		<attribute name='valueRampControl' type='maya.null'/>
		<attribute name='value_Position' type='maya.TdataCompound'>
			<label>Selected Position</label>
		</attribute>
		<attribute name='value_FloatValue' type='maya.TdataCompound'>
			<label>Selected Value</label>
		</attribute>
		<attribute name='value_Interp' type='maya.TdataCompound'>
			<label>Interpolation</label>
		</attribute>

		<attribute name='inputMin' type='maya.float'>
			<label>Input Min</label>
		</attribute>
		<attribute name='inputMax' type='maya.float'>
			<label>Input Max</label>
		</attribute>
		<attribute name='outputMin' type='maya.float'>
			<label>Output Min</label>
		</attribute>
		<attribute name='outputMax' type='maya.float'>
			<label>Output Max</label>
		</attribute>
		<attribute name='caching' type='maya.bool'>
			<label>Caching</label>
		</attribute>
		<attribute name='nodeState' type='maya.enum'>
			<label>Node State</label>
		</attribute>
		<attribute name='_END_' type='maya.null'/>
	</template>
	<view name="Pxr" template="AEPxrMRemapHsv">
		<group name='PxrMRemapHsvAttributes'>
			<label>Pxr Maya Ramp HSV Attributes</label>
			<property name='cl'>
				<description language="cb">AEPxrMRemapHsv</description>
			</property>
		</group>
		<group name='Hue'>
			<label>Hue</label>
			<property name='hueRampControl'>
				<description language="cb">AEPxrMRemapHsv</description>
			</property>
			<property name='hue_Position'>
				<description language="cb">AEPxrMRemapHsv</description>
			</property>
			<property name='hue_FloatValue'>
				<description language="cb">AEPxrMRemapHsv</description>
			</property>
			<property name='hue_Interp'>
				<description language="cb">AEPxrMRemapHsv</description>
			</property>
		</group>
		<group name='Saturation'>
			<label>Saturation</label>
			<property name='saturationRampControl'>
				<description language="cb">AEPxrMRemapHsv</description>
			</property>
			<property name='saturation_Position'>
				<description language="cb">AEPxrMRemapHsv</description>
			</property>
			<property name='saturation_FloatValue'>
				<description language="cb">AEPxrMRemapHsv</description>
			</property>
			<property name='saturation_Interp'>
				<description language="cb">AEPxrMRemapHsv</description>
			</property>
		</group>
		<group name='Value'>
			<label>Value</label>
			<property name='valueRampControl'>
				<description language="cb">AEPxrMRemapHsv</description>
			</property>
			<property name='value_Position'>
				<description language="cb">AEPxrMRemapHsv</description>
			</property>
			<property name='value_FloatValue'>
				<description language="cb">AEPxrMRemapHsv</description>
			</property>
			<property name='value_Interp'>
				<description language="cb">AEPxrMRemapHsv</description>
			</property>
		</group>
		<group name='InputAndOutputRanges'>
			<label>Input and Output Ranges</label>
			<property name='inputMin'/>
			<property name='inputMax'/>
			<property name='outputMin'/>
			<property name='outputMax'/>
		</group>
		<group name='NodeBehavior'>
			<label>Node Behavior</label> 
			<property name='caching'/>
			<property name='nodeState'/>
		</group>
		<property name='_END_'>
			<description language="cb">AEPxrMRemapHsv</description>
		</property>
	</view>
</templates>