<?xml version='1.0' encoding='UTF-8'?>
<templates>

	<template name='AEPxrMWood'>
		<attribute name='manifold' type='maya.string'>
			<label>Manifold</label>
		</attribute>

		<attribute name='fillerColor' type='maya.float3'>
			<label>Filler Color</label>
		</attribute>

		<attribute name='veinColor' type='maya.float3'>
			<label>Vein Color</label>
		</attribute>

		<attribute name='veinSpread' type='maya.float'>
			<label>Vein Spread</label>
		</attribute>

		<attribute name='layerSize' type='maya.float'>
			<label>Layer Size</label>
		</attribute>

		<attribute name='randomness' type='maya.float'>
			<label>Randomness</label>
		</attribute>

		<attribute name='age' type='maya.float'>
			<label>Age</label>
		</attribute>

		<attribute name='grainColor' type='maya.float3'>
			<label>Grain Color</label>
		</attribute>

		<attribute name='grainContrast' type='maya.float'>
			<label>Grain Contrast</label>
		</attribute>

		<attribute name='grainSpacing' type='maya.float'>
			<label>Grain Spacing</label>
		</attribute>

		<attribute name='center' type='maya.TdataCompound'>
			<label>Center</label>
		</attribute>

		<attribute name='amplitudeX' type='maya.float'>
			<label>Amplitude X</label>
		</attribute>

		<attribute name='amplitudeY' type='maya.float'>
			<label>Amplitude Y</label>
		</attribute>

		<attribute name='ratio' type='maya.float'>
			<label>Ratio</label>
		</attribute>

		<attribute name='ripples' type='maya.color'>
			<label>Ripples</label>
		</attribute>

		<attribute name='depth' type='maya.TdataCompound'>
			<label>Depth</label>
		</attribute>

		<attribute name='defaultColor' type='maya.float3'>
			<label>Default Color</label>
		</attribute>

		<attribute name='colorGain' type='maya.float3'>
			<label>Color Gain</label>
		</attribute>

		<attribute name='colorOffset' type='maya.float3'>
			<label>Color Offset</label>
		</attribute>

		<attribute name='alphaGain' type='maya.float'>
			<label>Alpha Gain</label>
		</attribute>

		<attribute name='alphaOffset' type='maya.float'>
			<label>Alpha Offset</label>
		</attribute>

		<attribute name='filter' type='maya.float'>
			<label>Filter</label>
		</attribute>

		<attribute name='filterOffset' type='maya.float'>
			<label>Filter Offset</label>
		</attribute>

		<attribute name='invert' type='maya.bool'>
			<label>Invert</label>
		</attribute>

		<attribute name='wrap' type='maya.bool'>
			<label>Wrap</label>
		</attribute>

		<attribute name='local' type='maya.bool'>
			<label>Local</label>
		</attribute>

		<attribute name='blend' type='maya.float'>
			<label>Blend</label>
		</attribute>

		<attribute name='caching' type='maya.bool'>
			<label>Caching</label>
		</attribute>

		<attribute name='nodeState' type='maya.enum'>
			<label>Node State</label>
		</attribute>
		<attribute name='_END_' type='maya.null'/>
	</template>

	<view name="Pxr" template="AEPxrMWood">
		<group name='PxrMWoodAttributes'>
			<label>Pxr Maya Wood Attributes</label>
			<property name='manifold'>
				<description language="cb">AEPxrMWood</description>
			</property>
			<property name='fillerColor'/>
			<property name='veinColor'/>
			<property name='veinSpread'>
				<description language="cb">AEPxrMWood</description>
			</property>
			<property name='layerSize'>
				<description language="cb">AEPxrMWood</description>
			</property>
			<property name='randomness'>
				<description language="cb">AEPxrMWood</description>
			</property>
			<property name='age'>
				<description language="cb">AEPxrMWood</description>
			</property>
			<group name='PxrMWoodAttributes2'>
				<label>Pxr Maya Wood Attributes 2</label>
				<property name='grainColor'/>
				<property name='grainContrast'>
					<description language="cb">AEPxrMWood</description>
				</property>
				<property name='grainSpacing'>
					<description language="cb">AEPxrMWood</description>
				</property>
				<property name='center'>
					<description language="cb">AEPxrMWood</description>
				</property>
			</group>
		</group>
		<group name='NoiseAttributes'>
			<label>Noise Attributes</label>
			<property name='amplitudeX'>
				<description language="cb">AEPxrMWood</description>
			</property>
			<property name='amplitudeY'>
				<description language="cb">AEPxrMWood</description>
			</property>
			<property name='ratio'>
				<description language="cb">AEPxrMWood</description>
			</property>
			<property name='ripples'>
				<description language="cb">AEPxrMWood</description>
			</property>
			<property name='depth'>
				<description language="cb">AEPxrMWood</description>
			</property>
		</group>
		<group name='ColorBalance'>
			<label>Color Balance</label>
			<property name='defaultColor'/>
			<property name='colorGain'/>
			<property name='colorOffset'/>
			<property name='alphaGain'/>
			<property name='alphaOffset'/>
		</group>
		<group name='Effects'>
			<label>Effects</label>
			<property name='filter'/>
			<property name='filterOffset'/>
			<property name='invert'/>
			<property name='wrap'/>
			<property name='local'/>
			<property name='blend'/>
		</group>
		<group name='NodeBehavior'>
			<label>Node Behavior</label>
			<property name='caching'/>
			<property name='nodeState'/>
		</group>
		<property name='_END_'>
			<description language="cb">AEPxrMWood</description>
		</property>
	</view>

</templates>
