<?xml version='1.0' encoding='UTF-8'?>
<templates>
	<template name='AEPxrMBlendColors'>
		<attribute name='blender' type='maya.float'>
			<label>Blend</label>
		</attribute>
		<attribute name='color1' type='maya.float3'>
			<label>Color 1</label>
		</attribute>
		<attribute name='color2' type='maya.float3'>
			<label> Color 2</label>
		</attribute>
		<attribute name='caching' type='maya.bool'>
			<label>Caching</label>
		</attribute>
		<attribute name='nodeState' type='maya.enum'>
			<label>Node State</label>
		</attribute>
		<attribute name='_END_' type='maya.null'/>
	</template>
	<view name="Pxr" template="AEPxrMBlendColors">
		<group name='PxrMBlendColorsAttributes'>
			<label>Pxr Maya Blend Colors Attributes</label>
			<property name='blender'>
				<description language="cb">AEPxrMBlendColors</description>
			</property>
			<property name='color1'/>
			<property name='color2'/>
		</group>
		<group name='NodeBehavior'>
			<label>Node Behavior</label>
			<property name='caching'/>
			<property name='nodeState'/>
		</group>
		<property name='_END_'>
			<description language="cb">AEPxrMBlendColors</description>
		</property>
	</view>
</templates> 