<?xml version='1.0' encoding='UTF-8'?>
<templates>
	<template name='AEPxrMLeather'>
		<attribute name='manifold' type='maya.string'>
			<label>Manifold</label>
		</attribute>
		<attribute name='cellColor' type='maya.float3'>
			<label>Cell Color</label>
		</attribute>
		<attribute name='creaseColor' type='maya.float3'>
			<label>Crease Color</label>
		</attribute>
		<attribute name='cellSize' type='maya.float'>
			<label>Cell Size</label>
		</attribute>
		<attribute name='density' type='maya.float'>
			<label>Density</label>
		</attribute>
		<attribute name='spottyness' type='maya.float'>
			<label>Spottyness</label>
		</attribute>
		<attribute name='randomness' type='maya.float'>
			<label>Randomness</label>
		</attribute>
		<attribute name='threshold' type='maya.float'>
			<label>Threshold</label>
		</attribute>
		<attribute name='creases' type='maya.bool'>
			<label>Creases</label>
		</attribute>
		<attribute name='defaultColor' type='maya.float3'>
			<label>Default Color</label>
		</attribute>
		<attribute name='colorGain' type='maya.float3'>
			<label>Color Gain</label>
		</attribute>
		<attribute name='colorOffset' type='maya.float3'>
			<label>Color Offset</label>
		</attribute>
		<attribute name='alphaGain' type='maya.float'>
			<label>Alpha Gain</label>
		</attribute>
		<attribute name='alphaOffset' type='maya.float'>
			<label>Alpha Offset</label>
		</attribute>
		<attribute name='alphaIsLuminance' type='maya.bool'>
			<label>Alpha Is Luminance</label>
		</attribute>
		<attribute name='invert' type='maya.bool'>
			<label>Invert</label>
		</attribute>
		<attribute name='wrap' type='maya.bool'>
			<label>Wrap</label>
		</attribute>
		<attribute name='local' type='maya.bool'>
			<label>Local</label>
		</attribute>
		<attribute name='blend' type='maya.float'>
			<label>Blend</label>
		</attribute>
		<attribute name='caching' type='maya.bool'>
			<label>Caching</label>
		</attribute>
		<attribute name='nodeState' type='maya.enum'>
			<label>Node State</label>
		</attribute>
		<attribute name='_END_' type='maya.null'/>
	</template>
	<view name="Pxr" template="AEPxrMLeather">
		<group name='PxrMLeatherAttributes'>
			<label>Pxr Maya Leather Attributes</label>
			<property name='manifold'>
				<description language="cb">AEPxrMLeather</description>
			</property>
			<property name='cellColor'/>
			<property name='creaseColor'/>
			<property name='cellSize'>
				<description language="cb">AEPxrMLeather</description>
			</property>
			<property name='density'>
				<description language="cb">AEPxrMLeather</description>
			</property>
			<property name='spottyness'>
				<description language="cb">AEPxrMLeather</description>
			</property>
			<property name='randomness'>
				<description language="cb">AEPxrMLeather</description>
			</property>
			<property name='threshold'>
				<description language="cb">AEPxrMLeather</description>
			</property>
			<property name='creases'/>
		</group>
		<group name='ColorBalance'>
			<label>Color Balance</label>
			<property name='defaultColor'/>
			<property name='colorGain'/>
			<property name='colorOffset'/>
			<property name='alphaGain'>
				<description language="cb">AEPxrMLeather</description>
			</property>
			<property name='alphaOffset'>
				<description language="cb">AEPxrMLeather</description>
			</property>
			<property name='alphaIsLuminance'/>
		</group>
		<group name='Effects'>
			<label>Effects</label>
			<property name='invert'/>
			<property name='wrap'/>
			<property name='local'/>
			<property name='blend'>
				<description language="cb">AEPxrMLeather</description>
			</property>
		</group>
		<group name='nodeBehavior'>
			<label>Node Behavior</label>
			<property name='caching'/>
			<property name='nodeState'/>
		</group>
		<property name='_END_'>
			<description language="cb">AEPxrMLeather</description>
		</property>
	</view>
</templates>