<?xml version='1.0' encoding='UTF-8'?>
<templates>
	<template name='AEPxrMHsvToRgb'>
		<attribute name='inHsv' type='maya.float3'>
			<label>In HSV</label>
		</attribute>
		<attribute name='outRgb' type='maya.float'>
				<label>Out RGB</label>
		</attribute>
		<attribute name='caching' type='maya.bool'>
			<label>Caching</label>
		</attribute>
		<attribute name='nodeState' type='maya.enum'>
			<label>Node State</label>
		</attribute>
		<attribute name='_END_' type='maya.null'/> 
	</template>
	<view name="Pxr" template="AEPxrMHsvToRgb">
		<group name='PxrMHsvToRgbAttributes'>
		<label>Pxr Maya HSV to RGB Attributes</label>
			<property name='inHsv'>
				<description language="cb">AEPxrMHsvToRgb</description> 
			</property>
			<property name='outRgb'>
				<description language="cb">AEPxrMHsvToRgb</description> 
			</property>
		</group>
		<group name='NodeBehavior'>
		<label>Node Behavior</label>
			<property name='caching'/>
			<property name='nodeState'/>
		</group>
		<property name='_END_'>
			<description language="cb">AEPxrMHsvToRgb</description>
		</property>
	</view>
</templates>