<?xml version='1.0' encoding='UTF-8'?>
<templates>
	<template name='AEPxrMRgbToHsv'>
		<attribute name='inRgb' type='maya.float3'>
			<label>In RGB</label>
		</attribute>
		<attribute name='caching' type='maya.bool'>
			<label>Caching</label>
		</attribute>
		<attribute name='nodeState' type='maya.enum'>
			<label>Node State</label>
		</attribute>
		<attribute name='_END_' type='maya.null'/> 
	</template>
	<view name="Pxr" template="AEPxrMRgbToHsv">
		<group name='PxrMRgbToHsvAttributes'>
		<label>Pxr Maya RGB to HSV Attributes</label>
			<property name='inRgb'>
				<description language="cb">AEPxrMRgbToHsv</description> 
			</property>
		</group>
		<group name='NodeBehavior'>
		<label>Node Behavior</label>
			<property name='caching'/>
			<property name='nodeState'/>
		</group>
		<property name='_END_'>
			<description language="cb">AEPxrMRgbToHsv</description>
		</property>
	</view>
</templates>