<?xml version='1.0' encoding='UTF-8'?>
<!--
	This script/template is part of RenderMan for Maya Enhancement Pack
	by Ethan Phoenix, SandBird Studio
	Initial Date: 06/18/2019

		Version: 1.0
		
		Description: Template for PxrDispScalarLayer node.

	History:
	Version 1.0 - 06/18/2019 | Initial Release

-===========================================================================-
		All Rights Reserved © Ethan Phoenix. For personal use only.
	Commercial use is prohibited. Not for redistribution without permission.
-->
<templates>
	<template name='AEPxrDispScalarLayer'>
		<attribute name='overallAmount' type='maya.float'>
			<label>Overall Gain</label>
		</attribute>
		<attribute name='baseLayerDesc' type='maya.string'>
			<label>Base Layer Description</label>
		</attribute>
		<attribute name='baseLayerEnabled' type='maya.bool'>
			<label>Base Layer Enabled</label>
		</attribute>
		<attribute name='baseLayerAmount' type='maya.float'>
			<label>Base Layer Gain</label>
		</attribute>
		<attribute name='baseLayerDispScalar' type='maya.float'>
			<label>Base Layer Scalar</label>
		</attribute>
		<attribute name='layer1Desc' type='maya.string'>
			<label>Layer 1 Description</label>
		</attribute>
		<attribute name='layer1Enabled' type='maya.bool'>
			<label>Layer 1 Enabled</label>
		</attribute>
		<attribute name='layer1Amount' type='maya.float'>
			<label>Layer 1 Gain</label>
		</attribute>
		<attribute name='layer1DispScalar' type='maya.float'>
			<label>Layer 1 Scalar</label>
		</attribute>
		<attribute name='layer1Mask' type='maya.float'>
			<label>Layer 1 Mask</label>
		</attribute>
		<attribute name='layer1Comp' type='maya.enum'>
			<label>Layer 1 Operation</label>
		</attribute>
		<attribute name='layer2Desc' type='maya.string'>
			<label>Layer 2 Description</label>
		</attribute>
		<attribute name='layer2Enabled' type='maya.bool'>
			<label>Layer 2 Enabled</label>
		</attribute>
		<attribute name='layer2Amount' type='maya.float'>
			<label>Layer 2 Gain</label>
		</attribute>
		<attribute name='layer2DispScalar' type='maya.float'>
			<label>Layer 2 Scalar</label>
		</attribute>
		<attribute name='layer2Mask' type='maya.float'>
			<label>Layer 2 Mask</label>
		</attribute>
		<attribute name='layer2Comp' type='maya.enum'>
			<label>Layer 2 Operation</label>
		</attribute>
		<attribute name='layer3Desc' type='maya.string'>
			<label>Layer 3 Description</label>
		</attribute>
		<attribute name='layer3Enabled' type='maya.bool'>
			<label>Layer 3 Enabled</label>
		</attribute>
		<attribute name='layer3Amount' type='maya.float'>
			<label>Layer 3 Gain</label>
		</attribute>
		<attribute name='layer3DispScalar' type='maya.float'>
			<label>Layer 3 Scalar</label>
		</attribute>
		<attribute name='layer3Mask' type='maya.float'>
			<label>Layer 3 Mask</label>
		</attribute>
		<attribute name='layer3Comp' type='maya.enum'>
			<label>Layer 3 Operation</label>
		</attribute>
		<attribute name='layer4Desc' type='maya.string'>
			<label>Layer 4 Description</label>
		</attribute>
		<attribute name='layer4Enabled' type='maya.bool'>
			<label>Layer 4 Enabled</label>
		</attribute>
		<attribute name='layer4Amount' type='maya.float'>
			<label>Layer 4 Gain</label>
		</attribute>
		<attribute name='layer4DispScalar' type='maya.float'>
			<label>Layer 4 Scalar</label>
		</attribute>
		<attribute name='layer4Mask' type='maya.float'>
			<label>Layer 4 Mask</label>
		</attribute>
		<attribute name='layer4Comp' type='maya.enum'>
			<label>Layer 4 Operation</label>
		</attribute>
		<attribute name="caching" type="maya.bool">
			<label>Caching</label> 
		</attribute>
		<attribute name="frozen" type="maya.bool">
			<label>Frozen</label> 
		</attribute>
		<attribute name="nodeState" type="maya.enum">
			<label>Node State</label> 
		</attribute>
		<attribute name='_END_' type='maya.null'/>
	</template>
	<view name="Pxr" template="AEPxrDispScalarLayer">
		<property name='overallAmount'/>
		<property name='baseLayerDesc'>
			<description language="cb">AEPxrDispScalarLayer</description>
		</property>
		<property name='baseLayerEnabled'/>
		<property name='baseLayerAmount'>
			<description language="cb">AEPxrDispScalarLayer</description>
		</property>
		<property name='baseLayerDispScalar'>
			<description language="cb">AEPxrDispScalarLayer</description>
		</property>
		<group name='Layer1'>
			<label>Layer 1</label>
			<property name='layer1Desc'>
				<description language="cb">AEPxrDispScalarLayer</description>
			</property>
			<property name='layer1Enabled'/>
			<property name='layer1Amount'>
			<description language="cb">AEPxrDispScalarLayer</description>
		</property>
			<property name='layer1DispScalar'>
			<description language="cb">AEPxrDispScalarLayer</description>
		</property>
			<property name='layer1Mask'>
			<description language="cb">AEPxrDispScalarLayer</description>
		</property>
			<property name='layer1Comp'/>
		</group>
		<group name='Layer2'>
			<label>Layer 2</label>
			<property name='layer2Desc'>
				<description language="cb">AEPxrDispScalarLayer</description>
			</property>
			<property name='layer2Enabled'/>
			<property name='layer2Amount'>
				<description language="cb">AEPxrDispScalarLayer</description>
			</property>
			<property name='layer2DispScalar'>
				<description language="cb">AEPxrDispScalarLayer</description>
			</property>
			<property name='layer2Mask'>
				<description language="cb">AEPxrDispScalarLayer</description>
			</property>
			<property name='layer2Comp'/>
		</group>
		<group name='Layer3'>
			<label>Layer 3</label>
			<property name='layer3Desc'>
				<description language="cb">AEPxrDispScalarLayer</description>
			</property>
			<property name='layer3Enabled'/>
			<property name='layer3Amount'>
				<description language="cb">AEPxrDispScalarLayer</description>
			</property>
			<property name='layer3DispScalar'>
				<description language="cb">AEPxrDispScalarLayer</description>
			</property>
			<property name='layer3Mask'>
				<description language="cb">AEPxrDispScalarLayer</description>
			</property>
			<property name='layer3Comp'/>
		</group>
		<group name='Layer4'>
			<label>Layer 4</label>
			<property name='layer4Desc'>
				<description language="cb">AEPxrDispScalarLayer</description>
			</property>
			<property name='layer4Enabled'/>
			<property name='layer4Amount'>
				<description language="cb">AEPxrDispScalarLayer</description>
			</property>
			<property name='layer4DispScalar'>
				<description language="cb">AEPxrDispScalarLayer</description>
			</property>
			<property name='layer4Mask'>
				<description language="cb">AEPxrDispScalarLayer</description>
			</property>

			<property name='layer4Comp'/>
		</group>
		<group name='NodeBehavior'>
			<label>Node Behavior</label> 
			<property name='caching'/>
			<property name='frozen'/>
			<property name='nodeState'/>
		</group>
		<property name='_END_'>
			<description language="cb">AEPxrDispScalarLayer</description>
		</property>
	</view>
</templates>