<?xml version='1.0' encoding='UTF-8'?>
<!--
	This script/template is part of RenderMan for Maya Enhancement Pack
	by Ethan Phoenix, SandBird Studio
	Initial Date: 06/18/2019

		Version: 1.0
		
		Description: Template for PxrLayerMixer node.

	History:
	Version 1.0 - 06/18/2019 | Initial Release

-===========================================================================-
		All Rights Reserved © Ethan Phoenix. For personal use only.
	Commercial use is prohibited. Not for redistribution without permission.
-->
<templates>
	<template name='AEPxrLayerMixer'>
		<attribute name='baselayerDesc' type='maya.string'>
			<label>Base Layer Description</label>
		</attribute>
		<attribute name='baselayer' type='maya.string'>
			<label>Base Layer</label>
		</attribute>
		<attribute name='layer1Desc' type='maya.string'>
			<label>Layer 1 Description</label>
		</attribute>
		<attribute name='layer1Enabled' type='maya.bool'>
			<label>Enabled</label>
		</attribute>
		<attribute name='layer1' type='maya.string'>
			<label>Layer 1</label>
		</attribute>
		<attribute name='layer1Mask' type='maya.float'>
			<label>Layer 1 Mask</label>
		</attribute>
		<attribute name='layer2Desc' type='maya.string'>
			<label>Layer 2 Description</label>
		</attribute>
		<attribute name='layer2Enabled' type='maya.bool'>
			<label>Enabled</label>
		</attribute>
		<attribute name='layer2' type='maya.string'>
			<label>Layer 2</label>
		</attribute>
		<attribute name='layer2Mask' type='maya.float'>
			<label>Layer 2 Mask</label>
		</attribute>
		<attribute name='layer3Desc' type='maya.string'>
			<label>Layer 3 Description</label>
		</attribute>
		<attribute name='layer3Enabled' type='maya.bool'>
			<label>Enabled</label>
		</attribute>
		<attribute name='layer3' type='maya.string'>
			<label>Layer 3</label>
		</attribute>
		<attribute name='layer3Mask' type='maya.float'>
			<label>Layer 3 Mask</label>
		</attribute>
		<attribute name='layer4Desc' type='maya.string'>
			<label>Layer 4 Description</label>
		</attribute>
		<attribute name='layer4Enabled' type='maya.bool'>
			<label>Enabled</label>
		</attribute>
		<attribute name='layer4' type='maya.string'>
			<label>Layer 4</label>
		</attribute>
		<attribute name='layer4Mask' type='maya.float'>
			<label>Layer 4 Mask</label>
		</attribute>
		<attribute name="caching" type="maya.bool">
			<label>Caching</label> 
		</attribute>
		<attribute name="frozen" type="maya.bool">
			<label>Frozen</label> 
		</attribute>
		<attribute name="nodeState" type="maya.enum">
			<label>Node State</label> 
		</attribute>
		<attribute name='_END_' type='maya.null'/>
	</template>
	<view name="Pxr" template="AEPxrLayerMixer">
		<property name='baselayerDesc'>
			<description language="cb">AEPxrLayerMixer</description>
		</property>
		<property name='baselayer'>
			<description language="cb">AEPxrLayerMixer</description>
		</property>
		<group name='PxrLayerMixer_layer1'>
			<label>Layer 1</label>
			<property name='layer1Desc'>
				<description language="cb">AEPxrLayerMixer</description>
			</property>
			<property name='layer1Enabled'/>
			<property name='layer1'>
				<description language="cb">AEPxrLayerMixer</description>
			</property>
			<property name='layer1Mask'/>
		</group>
		<group name='PxrLayerMixer_layer2'>
			<label>Layer 2</label>
			<property name='layer2Desc'>
				<description language="cb">AEPxrLayerMixer</description>
			</property>
			<property name='layer2Enabled'/>
			<property name='layer2'>
				<description language="cb">AEPxrLayerMixer</description>
			</property>
			<property name='layer2Mask'/>
		</group>
		<group name='PxrLayerMixer_layer3'>
			<label>Layer 3</label>
			<property name='layer3Desc'>
				<description language="cb">AEPxrLayerMixer</description>
			</property>
			<property name='layer3Enabled'/>
			<property name='layer3'>
				<description language="cb">AEPxrLayerMixer</description>
			</property>
			<property name='layer3Mask'/>
		</group>
		<group name='PxrLayerMixer_layer4'>
			<label>Layer 4</label>
			<property name='layer4Desc'>
				<description language="cb">AEPxrLayerMixer</description>
			</property>
			<property name='layer4Enabled'/>
			<property name='layer4'>
				<description language="cb">AEPxrLayerMixer</description>
			</property>
			<property name='layer4Mask'/>
		</group>
		<group name='NodeBehavior'>
			<label>Node Behavior</label> 
			<property name='caching'/>
			<property name='frozen'/>
			<property name='nodeState'/>
		</group>
		<property name='_END_'>
			<description language="cb">AEPxrLayerMixer</description>
		</property>
	</view>
</templates>