<?xml version='1.0' encoding='UTF-8'?>
<!--
	This script/template is part of RenderMan for Maya Enhancement Pack
	by Ethan Phoenix, SandBird Studio
	Initial Date: 07/18/2016

		Version: 1.0
		
		Description: Template for sbDynamicSwitchString node.

	History:
	Version 1.0 - 07/18/2016 | Initial Release

-===========================================================================-
		All Rights Reserved © Ethan Phoenix. For personal use only.
	Commercial use is prohibited. Not for redistribution without permission.
-->
<templates>
	<template name='AEsbDynamicSwitchString'>
		<attribute name='indexNumber' type='maya.float'>
			<label>Index Number</label>
		</attribute>
		<attribute name='inputString' type='maya.TdataCompound'>
			<label>Input String</label>
		</attribute>
		<attribute name='inputDescription' type='maya.TdataCompound'>
			<label>Input Description</label>
		</attribute>
		<attribute name='caching' type='maya.bool'>
			<label>Caching</label>
		</attribute>
		<attribute name='nodeState' type='maya.enum'>
			<label>Node State</label>
		</attribute>
		<attribute name='_END_' type='maya.null'/>
	</template>
	<view name="Pxr" template="AEsbDynamicSwitchString">
		<group name='sbDynamicSwitchStringAttributes'>
			<label>SB Dynamic Switch String Attributes</label> 
			<property name='indexNumber'>
				<description language="cb">AEsbDynamicSwitchString</description>
			</property>
			<group name='StringList'>
				<label>String List</label> 
				<property name='inputString'>
					<description language="cb">AEsbDynamicSwitchString</description>
				</property>
			</group>
		</group>
		<group name='NodeBehavior'>
			<label>Node Behavior</label> 
			<property name='caching'/>
			<property name='nodeState'/>
		</group>
		<property name='_END_'>
			<description language="cb">AEsbDynamicSwitchString</description>
		</property>
	</view>
</templates>