<?xml version='1.0' encoding='UTF-8'?>
<!--
	This script/template is part of RenderMan for Maya Enhancement Pack
	by Ethan Phoenix, SandBird Studio
	Initial Date: 08/05/2016

		Version: 1.0
		
		Description: Template for sbMarble node.

	History:
	Version 1.0 - 08/05/2016 | Initial Release

-===========================================================================-
		All Rights Reserved © Ethan Phoenix. For personal use only.
	Commercial use is prohibited. Not for redistribution without permission.
-->
<templates>
	<template name='AEsbMarble'>
		<attribute name='manifold' type='maya.string'>
			<label>Manifold</label>
		</attribute>
		<attribute name='seed' type='maya.float'>
			<label>Seed</label>
		</attribute>
		<attribute name='xPeriod' type='maya.float'>
			<label>X Period</label>
		</attribute>
		<attribute name='yPeriod' type='maya.float'>
			<label>Y Period</label>
		</attribute>
		<attribute name='zPeriod' type='maya.float'>
			<label>Z Period</label>
		</attribute>
		<attribute name='xShift' type='maya.float'>
			<label>X Shift</label>
		</attribute>
		<attribute name='yShift' type='maya.float'>
			<label>Y Shift</label>
		</attribute>
		<attribute name='zShift' type='maya.float'>
			<label>Z Shift</label>
		</attribute>
		<attribute name='turbPower' type='maya.float'>
			<label>Trubulence  Power</label>
		</attribute>
		<attribute name='octaves' type='maya.int'>
			<label>Trubulence Octaves</label>
		</attribute>
		<attribute name='lacunarity' type='maya.float'>
			<label>Trubulence Lacunarity</label>
		</attribute>
		<attribute name='gain' type='maya.float'>
			<label>Trubulence Gain</label>
		</attribute>
		<attribute name='caching' type='maya.bool'>
			<label>Caching</label>
		</attribute>
		<attribute name='nodeState' type='maya.enum'>
			<label>Node State</label>
		</attribute>
		<attribute name='_END_' type='maya.null'/>
	</template>
	<view name="Pxr" template="AEsbMarble">
		<property name='manifold'>
			<description language="cb">AEsbMarble</description>
		</property>
		<property name='seed'>
			<description language="cb">AEsbMarble</description>
		</property>
		<property name='xPeriod'>
			<description language="cb">AEsbMarble</description>
		</property>
		<property name='yPeriod'>
			<description language="cb">AEsbMarble</description>
		</property>
		<property name='zPeriod'>
			<description language="cb">AEsbMarble</description>
		</property>
		<property name='xShift'>
			<description language="cb">AEsbMarble</description>
		</property>
		<property name='yShift'>
			<description language="cb">AEsbMarble</description>
		</property>
		<property name='zShift'>
			<description language="cb">AEsbMarble</description>
		</property>
		<property name='turbPower'>
			<description language="cb">AEsbMarble</description>
		</property>
		<property name='octaves'>
			<description language="cb">AEsbMarble</description>
		</property>
		<property name='lacunarity'>
			<description language="cb">AEsbMarble</description>
		</property>
		<property name='gain'>
			<description language="cb">AEsbMarble</description>
		</property>
		<group name='NodeBehavior'>
			<label>Node Behavior</label> 
			<property name='caching'/>
			<property name='nodeState'/>
		</group>
		<property name='_END_'>
			<description language="cb">AEsbMarble</description>
		</property>
	</view>
</templates>