<?xml version='1.0' encoding='UTF-8'?>
<!--
	This script/template is part of RenderMan for Maya Enhancement Pack
	by Ethan Phoenix, SandBird Studio
	Initial Date: 11/29/2015

		Version: 2.0
		
		Description: Template for PxrMRemapColor node.

	History:
	2.0 | 02/21/2016 |- Updated naming of template to allow compatibility with Maya original nodes
	1.0 | 11/29/2015 |- Initial release

-===========================================================================-
		All Rights Reserved © Ethan Phoenix. For personal use only.
	Commercial use is prohibited. Not for redistribution without permission.
-->
<templates>
	<template name='AEPxrMRemapColor'>
		<attribute name='cl' type='maya.float3'>
			<label>Input Value</label>
		</attribute>
		<attribute name='redRampControl' type='maya.null'/>
		<attribute name='red_Position' type='maya.TdataCompound'>
			<label>Selected Position</label>
		</attribute>
		<attribute name='red_FloatValue' type='maya.TdataCompound'>
			<label>Selected Value</label>
		</attribute>
		<attribute name='red_Interp' type='maya.TdataCompound'>
			<label>Interpolation</label>
		</attribute>
		<attribute name='greenRampControl' type='maya.null'/>
		<attribute name='green_Position' type='maya.TdataCompound'>
			<label>Selected Position</label>
		</attribute>
		<attribute name='green_FloatValue' type='maya.TdataCompound'>
			<label>Selected Value</label>
		</attribute>
		<attribute name='green_Interp' type='maya.TdataCompound'>
			<label>Interpolation</label>
		</attribute>
		<attribute name='blueRampControl' type='maya.null'/>
		<attribute name='blue_Position' type='maya.TdataCompound'>
			<label>Selected Position</label>
		</attribute>
		<attribute name='blue_FloatValue' type='maya.TdataCompound'>
			<label>Selected Value</label>
		</attribute>
		<attribute name='blue_Interp' type='maya.TdataCompound'>
			<label>Interpolation</label>
		</attribute>
		<attribute name='inputMin' type='maya.float'>
			<label>Input Min</label>
		</attribute>
		<attribute name='inputMax' type='maya.float'>
			<label>Input Max</label>
		</attribute>
		<attribute name='outputMin' type='maya.float'>
			<label>Output Min</label>
		</attribute>
		<attribute name='outputMax' type='maya.float'>
			<label>Output Max</label>
		</attribute>
		<attribute name='caching' type='maya.bool'>
			<label>Caching</label>
		</attribute>
		<attribute name='nodeState' type='maya.enum'>
			<label>Node State</label>
		</attribute>
		<attribute name='_END_' type='maya.null'/>
	</template>
	<view name="Pxr" template="AEPxrMRemapColor">
		<group name='PxrMRemapColorAttributes'>
			<label>Pxr Maya Ramp Color Attributes</label>
			<property name='cl'>
				<description language="cb">AEPxrMRemapColor</description>
			</property>
		</group>
		<group name='Red'>
			<label>Red</label>
			<property name='redRampControl'>
				<description language="cb">AEPxrMRemapColor</description>
			</property>
			<property name='red_Position'>
				<description language="cb">AEPxrMRemapColor</description>
			</property>
			<property name='red_FloatValue'>
				<description language="cb">AEPxrMRemapColor</description>
			</property>
			<property name='red_Interp'>
				<description language="cb">AEPxrMRemapColor</description>
			</property>
		</group>
		<group name='Green'>
			<label>Green</label>
			<property name='greenRampControl'>
				<description language="cb">AEPxrMRemapColor</description>
			</property>
			<property name='green_Position'>
				<description language="cb">AEPxrMRemapColor</description>
			</property>
			<property name='green_FloatValue'>
				<description language="cb">AEPxrMRemapColor</description>
			</property>
			<property name='green_Interp'>
				<description language="cb">AEPxrMRemapColor</description>
			</property>
		</group>
		<group name='Blue'>
			<label>Blue</label>
			<property name='blueRampControl'>
				<description language="cb">AEPxrMRemapColor</description>
			</property>
			<property name='blue_Position'>
				<description language="cb">AEPxrMRemapColor</description>
			</property>
			<property name='blue_FloatValue'>
				<description language="cb">AEPxrMRemapColor</description>
			</property>
			<property name='blue_Interp'>
				<description language="cb">AEPxrMRemapColor</description>
			</property>
		</group>
		<group name='InputAndOutputRanges'>
			<label>Input and Output Ranges</label>
			<property name='inputMin'/>
			<property name='inputMax'/>
			<property name='outputMin'/>
			<property name='outputMax'/>
		</group>
		<group name='NodeBehavior'>
			<label>Node Behavior</label> 
			<property name='caching'/>
			<property name='nodeState'/>
		</group>
		<property name='_END_'>
			<description language="cb">AEPxrMRemapColor</description>
		</property>
	</view>
</templates>