<?xml version='1.0' encoding='UTF-8'?>
<!--
	sbConditionalSwitchC
	by Ethan Phoenix, SandBird Studio
	Initial Date: 08/12/2016

	Version: 1.0

	Description: Dynamic Conditional Switch Color

	History:
	Version 1.0 - 08/12/2016 | Initial Release

-===========================================================================-
		All Rights Reserved © Ethan Phoenix. For personal use only.
	Commercial use is prohibited. Not for redistribution without permission.
-->
<templates>
	<template name='AEsbConditionalSwitchC'>
		<attribute name='inputA' type='maya.float'>
			<label>Input A</label>
		</attribute>
		<attribute name='inputB' type='maya.float'>
			<label>Input B</label>
		</attribute>
		<attribute name='condition' type='maya.enum'>
			<label>The Condition</label>
		</attribute>
		<attribute name='conditionCustomInput' type='maya.string'>
			<label>Custom Input</label>
		</attribute>
		<attribute name='conditionTrueOutput' type='maya.float3'>
			<label>Condition True Output</label>
		</attribute>
		<attribute name='conditionFalseOutput' type='maya.float3'>
			<label>Condition False Output</label>
		</attribute>
		<attribute name='caching' type='maya.bool'>
			<label>Caching</label>
		</attribute>
		<attribute name='nodeState' type='maya.enum'>
			<label>Node State</label>
		</attribute>
		<attribute name='_END_' type='maya.null'/>
	</template>
	<view name="Pxr" template="AEsbConditionalSwitchC">
		<group name='sbConditionalSwitchCAttributes'>
			<label>SB Conditional Switch Manifold Attributes</label> 
			<property name='inputA'>
				<description language="cb">AEsbConditionalSwitchC</description>
			</property>
			<property name='inputB'>
				<description language="cb">AEsbConditionalSwitchC</description>
			</property>
			<property name='condition'>
				<description language="cb">AEsbConditionalSwitchC</description>
			</property>
			<property name='conditionCustomInput'>
				<description language="cb">AEsbConditionalSwitchC</description>
			</property>
			<property name='conditionTrueOutput'>
				<description language="cb">AEsbConditionalSwitchC</description>
			</property>
			<property name='conditionFalseOutput'>
				<description language="cb">AEsbConditionalSwitchC</description>
			</property>
		</group>
		<group name='NodeBehavior'>
			<label>Node Behavior</label> 
			<property name='caching'/>
			<property name='nodeState'/>
		</group>
		<property name='_END_'>
			<description language="cb">AEsbConditionalSwitchC</description>
		</property>
	</view>
</templates>