<?xml version='1.0' encoding='UTF-8'?>
<!--
	This script/template is part of RenderMan for Maya Enhancement Pack
	by Ethan Phoenix, SandBird Studio
	Initial Date: 04/04/2016

		Version: 1.0
		
		Description: Template for sbFractalizer node.

	History:
	Version 1.0 - 04/04/2016 | Initial Release

-===========================================================================-
		All Rights Reserved © Ethan Phoenix. For personal use only.
	Commercial use is prohibited. Not for redistribution without permission.
-->
<templates>
	<template name='AEsbFractalizer'>
		<attribute name='input' type='maya.float3'>
			<label>Base Pattern</label>
		</attribute>
		<attribute name='fracType' type='maya.enum'>
			<label>Type</label>
		</attribute>
		<attribute name='absOption' type='maya.bool'>
			<label>Abs</label>
		</attribute>
		<attribute name='absWidth' type='maya.float'>
			<label>Abs Width</label>
		</attribute>
		<attribute name='invert' type='maya.bool'>
			<label>Invert</label>
		</attribute>
		<attribute name='layers' type='maya.long'>
			<label>Layers</label>
		</attribute>
		<attribute name='offset' type='maya.float'>
			<label>Offset</label>
		</attribute>
		<attribute name='rotation' type='maya.float'>
			<label>Rotation</label>
		</attribute>
		<attribute name='variation' type='maya.long'>
			<label>Variation</label>
		</attribute>
		<attribute name='frequency' type='maya.float'>
			<label>Frequency</label>
		</attribute>
		<attribute name='lacunarity' type='maya.float'>
			<label>Lacunarity</label>
		</attribute>
		<attribute name='dimension' type='maya.float'>
			<label>Dimension</label>
		</attribute>
		<attribute name='gain' type='maya.float'>
			<label>Gain</label>
		</attribute>
		<attribute name='erosion' type='maya.float'>
			<label>Erosion</label>
		</attribute>
		<attribute name='_END_' type='maya.null'/>
	</template>
	<view name="Pxr" template="AEsbFractalizer">
		<group name='sbFractalizerAttributes'>
			<label>sb Fractalizer Attributes</label>
			<property name='input'/>
			<property name='fracType'>
				<description language="cb">AEsbFractalizer</description>
			</property>
			<property name='absOption'>
				<description language="cb">AEsbFractalizer</description>
			</property>
			<property name='absWidth'>
				<description language="cb">AEsbFractalizer</description>
			</property>
			<property name='invert'/>
			<group name='sbFractalizerAttributes2'>
				<label>sb Fractalizer Attributes 2</label>
				<property name='layers'>
					<description language="cb">AEsbFractalizer</description>
				</property>
				<property name='offset'>
					<description language="cb">AEsbFractalizer</description>
				</property>
				<property name='rotation'>
					<description language="cb">AEsbFractalizer</description>
				</property>
				<property name='variation'>
					<description language="cb">AEsbFractalizer</description>
				</property>
				<property name='frequency'>
					<description language="cb">AEsbFractalizer</description>
				</property>
				<property name='lacunarity'>
					<description language="cb">AEsbFractalizer</description>
				</property>
				<property name='dimension'>
					<description language="cb">AEsbFractalizer</description>
				</property>
				<property name='gain'>
					<description language="cb">AEsbFractalizer</description>
				</property>
				<property name='erosion'>
					<description language="cb">AEsbFractalizer</description>
				</property>
			</group>
		</group>
		<group name='NodeBehavior'>
			<label>Node Behavior</label> 
			<property name='caching'/>
			<property name='nodeState'/>
		</group>
		<property name='_END_'>
			<description language="cb">AEsbFractalizer</description>
		</property>
	</view>
</templates>