<?xml version='1.0' encoding='UTF-8'?>
<!--
	This script/template is part of RenderMan for Maya Enhancement Pack
	by Ethan Phoenix, SandBird Studio
	Initial Date: 07/18/2016

		Version: 1.0
		
		Description: Template for sbDynamicSwitchM node.

	History:
	Version 1.0 - 07/18/2016 | Initial Release

-===========================================================================-
		All Rights Reserved © Ethan Phoenix. For personal use only.
	Commercial use is prohibited. Not for redistribution without permission.
-->
<templates>
	<template name='AEsbDynamicSwitchM'>
		<attribute name='indexNumber' type='maya.float'>
			<label>Index Number</label>
		</attribute>
		<attribute name='indexBase' type='maya.float'>
			<label>Index Base</label>
		</attribute>
		<attribute name='supressErrMsg' type='maya.bool'>
			<label>Supress Error Messages?</label>
		</attribute>
		<attribute name='fallbackManifold' type='maya.string'>
			<label>Fallback Manifold</label>
		</attribute>
		<attribute name='inputManifold' type='maya.string'>
			<label>Input Manifold</label>
		</attribute>
		<attribute name='inputDescription' type='maya.TdataCompound'>
			<label>Input Description</label>
		</attribute>
		<attribute name='caching' type='maya.bool'>
			<label>Caching</label>
		</attribute>
		<attribute name='nodeState' type='maya.enum'>
			<label>Node State</label>
		</attribute>
		<attribute name='_END_' type='maya.null'/>
	</template>
	<view name="Pxr" template="AEsbDynamicSwitchM">
		<group name='sbDynamicSwitchMAttributes'>
			<label>SB Dynamic Switch Manifold Attributes</label> 
			<property name='indexNumber'>
				<description language="cb">AEsbDynamicSwitchM</description>
			</property>
			<property name='indexBase'>
				<description language="cb">AEsbDynamicSwitchM</description>
			</property>
			<property name='supressErrMsg'/>
			<property name='fallbackManifold'>
				<description language="cb">AEsbDynamicSwitchM</description>
			</property>
			<group name='ManifoldInputList'>
				<label>Manifold Input List</label> 
				<property name='inputManifold'>
					<description language="cb">AEsbDynamicSwitchM</description>
				</property>
			</group>
		</group>
		<group name='NodeBehavior'>
			<label>Node Behavior</label> 
			<property name='caching'/>
			<property name='nodeState'/>
		</group>
		<property name='_END_'>
			<description language="cb">AEsbDynamicSwitchM</description>
		</property>
	</view>
</templates>