<?xml version='1.0' encoding='UTF-8'?>
<!--
	This script/template is part of RenderMan for Maya Enhancement Pack
	by Ethan Phoenix, SandBird Studio
	Initial Date: 04/30/2016

		Version: 1.0
		
		Description: Template for PxrPrimvar node.

	History:
	Version 1.0 - 04/30/2016 | Initial Release

-===========================================================================-
		All Rights Reserved © Ethan Phoenix. For personal use only.
	Commercial use is prohibited. Not for redistribution without permission.
-->
<templates>
	<template name='AEPxrPrimvar'>
		<attribute name='varname' type='maya.string'>
				<label>Variable Name</label>
		</attribute>
		<attribute name='type' type='maya.string'>
			<label>Variable Type</label>
		</attribute>
		<attribute name='coordsys' type='maya.string'>
			<label>Coordinnate System</label>
		</attribute>
		<attribute name='caching' type='maya.bool'>
			<label>Caching</label>
		</attribute>
		<attribute name='frozen' type='maya.bool'>
			<label>Frozen</label>
		</attribute>
		<attribute name='nodeState' type='maya.enum'>
			<label>Node State</label>
		</attribute>
		<attribute name='_END_' type='maya.null'/>
	</template>
	<view name="Pxr" template="AEPxrPrimvar">
		<group name='PxrPrimvarAttributes'>
			<label>Pxr Primvar Attributes</label> 
			<property name='varname'>
				<description language="cb">AEPxrPrimvar</description>
			</property>
			<property name='type'>
				<description language="cb">AEPxrPrimvar</description>
			</property>
			<property name='coordsys'>
				<description language="cb">AEPxrPrimvar</description>
			</property>
		</group>
		<group name='NodeBehavior'>
			<label>Node Behavior</label> 
			<property name='caching'/>
			<property name='frozen'/>
			<property name='nodeState'/>
		</group>
		<property name='_END_'>
			<description language="cb">AEPxrPrimvar</description>
		</property>
	</view>
</templates>