<?xml version='1.0' encoding='UTF-8'?>
<!--
	This script/template is part of RenderMan for Maya Enhancement Pack
	by Ethan Phoenix, SandBird Studio
	Initial Date: 11/29/2015

		Version: 2.0
		
		Description: Template for PxrMStucco node.

	History:
	2.0 | 02/21/2016 |- Updated naming of template to allow compatibility with Maya original nodes
	1.0 | 11/29/2015 |- Initial release

-===========================================================================-
		All Rights Reserved © Ethan Phoenix. For personal use only.
	Commercial use is prohibited. Not for redistribution without permission.
-->
<templates>
	<template name='AEPxrMStucco'>
		<attribute name='manifold' type='maya.string'>
			<label>Manifold</label>
		</attribute>
		<attribute name='shaker' type='maya.float'>
			<label>Shaker</label>
		</attribute>
		<attribute name='channel1' type='maya.float3'>
			<label>Channel 1</label>
		</attribute>
		<attribute name='channel2' type='maya.float3'>
			<label>Channel 2</label>
		</attribute>
		<attribute name='normalDepth' type='maya.float'>
			<label>Norm Depth</label>
		</attribute>
		<attribute name='normalMelt' type='maya.float'>
			<label>Norm Melt</label>
		</attribute>
		<attribute name='normalCamera' type='maya.float3'>
			<label>Normal Camera</label>
		</attribute>
		<attribute name='computeOutNormal' type='maya.bool'>
			<label>Compute OutNormal</label>
		</attribute>
		<attribute name='defaultColor' type='maya.float3'>
			<label>Default Color</label>
		</attribute>
		<attribute name='colorGain' type='maya.float3'>
			<label>Color Gain</label>
		</attribute>
		<attribute name='colorOffset' type='maya.float3'>
			<label>Color Offset</label>
		</attribute>
		<attribute name='alphaGain' type='maya.float'>
			<label>Alpha Gain</label>
		</attribute>
		<attribute name='alphaOffset' type='maya.float'>
			<label>Alpha Offset</label>
		</attribute>
		<attribute name='alphaIsLuminance' type='maya.bool'>
			<label>Alpha Is Luminance</label>
		</attribute>
		<attribute name='filter' type='maya.float'>
			<label>Filter</label>
		</attribute>
		<attribute name='filterOffset' type='maya.float'>
			<label>Filter Offset</label>
		</attribute>
		<attribute name='invert' type='maya.bool'>
			<label>Invert</label>
		</attribute>
		<attribute name='wrap' type='maya.bool'>
			<label>Wrap</label>
		</attribute>
		<attribute name='local' type='maya.bool'>
			<label>Local</label>
		</attribute>
		<attribute name='blend' type='maya.float'>
			<label>Blend</label>
		</attribute>
		<attribute name='caching' type='maya.bool'>
			<label>Caching</label>
		</attribute>
		<attribute name='nodeState' type='maya.enum'>
			<label>Node State</label>
		</attribute>
		<attribute name='_END_' type='maya.null'/>
	</template>
	<view name="Pxr" template="AEPxrMStucco">
		<group name='PxrMStuccoAttributes'>
			<label>Pxr Maya Stucco Attributes</label>
			<property name='manifold'>
				<description language="cb">AEPxrMStucco</description>
			</property>
			<property name='shaker'>
				<description language="cb">AEPxrMStucco</description>
			</property>
			<property name='channel1'/>
			<property name='channel2'/>
		</group>
		<group name='NormalOptions'>
			<label>Normal Options</label>
			<property name='normalDepth'>
				<description language="cb">AEPxrMStucco</description>
			</property>
			<property name='normalMelt'>
				<description language="cb">AEPxrMStucco</description>
			</property>
			<property name='normalCamera'/>
			<property name='computeOutNormal'/>
		</group>
		<group name='ColorBalance'>
			<label>Color Balance</label>
			<property name='defaultColor'/>
			<property name='colorGain'/>
			<property name='colorOffset'/>
			<property name='alphaGain'>
				<description language="cb">AEPxrMStucco</description>
			</property>
			<property name='alphaOffset'>
				<description language="cb">AEPxrMStucco</description>
			</property>
			<property name='alphaIsLuminance'/>
		</group>
		<group name='Effects'>
			<label>Effects</label>
			<property name='filter'>
				<description language="cb">AEPxrMStucco</description>
			</property>
			<property name='filterOffset'>
				<description language="cb">AEPxrMStucco</description>
			</property>
			<property name='invert'/>
			<property name='wrap'/>
			<property name='local'/>
			<property name='blend'>
				<description language="cb">AEPxrMStucco</description>
			</property>
		</group>
		<group name='nodeBehavior'>
			<label>Node Behavior</label>
			<property name='caching'/>
			<property name='nodeState'/>
		</group>
		<property name='_END_'>
			<description language="cb">AEPxrMStucco</description>
		</property>
	</view>
</templates>