<?xml version='1.0' encoding='UTF-8'?>
<!--
	This script/template is part of RenderMan for Maya Enhancement Pack
	by Ethan Phoenix, SandBird Studio
	Initial Date: 11/29/2015

		Version: 2.0
		
		Description: Template for PxrMRemapValue node.

	History:
	2.0 | 02/21/2016 |- Updated naming of template to allow compatibility with Maya original nodes
	1.0 | 11/29/2015 |- Initial release

-===========================================================================-
		All Rights Reserved © Ethan Phoenix. For personal use only.
	Commercial use is prohibited. Not for redistribution without permission.
-->
<templates>
	<template name='AEPxrMRemapValue'>
		<attribute name='inputValue' type='maya.float'>
			<label>Input Value</label>
		</attribute>
		<attribute name='valueRampControl' type='maya.null'/>
		<attribute name='value_Position' type='maya.TdataCompound'>
			<label>Selected Position</label>
		</attribute>
		<attribute name='value_FloatValue' type='maya.TdataCompound'>
			<label>Selected Value</label>
		</attribute>
		<attribute name='value_Interp' type='maya.TdataCompound'>
			<label>Interpolation</label>
		</attribute>
		<attribute name='colorRampControl' type='maya.null'/>
		<attribute name='color_Color' type='maya.TdataCompound'>
			<label>Selected Color</label>
		</attribute>
		<attribute name='color_Position' type='maya.TdataCompound'>
			<label>Selected Position</label>
		</attribute>
		<attribute name='color_Interp' type='maya.TdataCompound'>
			<label>Interpolation</label>
		</attribute>
		<attribute name='inputMin' type='maya.float'>
			<label>Input Min</label>
		</attribute>
		<attribute name='inputMax' type='maya.float'>
			<label>Input Max</label>
		</attribute>
		<attribute name='outputMin' type='maya.float'>
			<label>Output Min</label>
		</attribute>
		<attribute name='outputMax' type='maya.float'>
			<label>Output Max</label>
		</attribute>
		<attribute name='caching' type='maya.bool'>
			<label>Caching</label>
		</attribute>
		<attribute name='nodeState' type='maya.enum'>
			<label>Node State</label>
		</attribute>
		<attribute name='_END_' type='maya.null'/>
	</template>
	<view name="Pxr" template="AEPxrMRemapValue">
		<group name='PxrMRemapValueAttributes'>
			<label>Pxr Maya Ramp Value Attributes</label>
			<property name='inputValue'>
				<description language="cb">AEPxrMRemapValue</description>
			</property>
		</group>
		<group name='Value'>
			<label>Value</label>
			<property name='valueRampControl'>
				<description language="cb">AEPxrMRemapValue</description>
			</property>
			<property name='value_Position'>
				<description language="cb">AEPxrMRemapValue</description>
			</property>
			<property name='value_FloatValue'>
				<description language="cb">AEPxrMRemapValue</description>
			</property>
			<property name='value_Interp'>
				<description language="cb">AEPxrMRemapValue</description>
			</property>
		</group>
		<group name='Color'>
			<label>Color</label>
			<property name='colorRampControl'>
				<description language="cb">AEPxrMRemapValue</description>
			</property>
			<property name='color_Color'>
				<description language="cb">AEPxrMRemapValue</description>
			</property>
			<property name='color_Position'>
				<description language="cb">AEPxrMRemapValue</description>
			</property>
			<property name='color_Interp'>
				<description language="cb">AEPxrMRemapValue</description>
			</property>
		</group>
		<group name='InputAndOutputRanges'>
			<label>Input and Output Ranges</label>
			<property name='inputMin'/>
			<property name='inputMax'/>
			<property name='outputMin'/>
			<property name='outputMax'/>
		</group>
		<group name='NodeBehavior'>
			<label>Node Behavior</label> 
			<property name='caching'/>
			<property name='nodeState'/>
		</group>
		<property name='_END_'>
			<description language="cb">AEPxrMRemapValue</description>
		</property>
	</view>
</templates>