<?xml version='1.0' encoding='UTF-8'?>
<!--
	This script/template is part of RenderMan for Maya Enhancement Pack
	by Ethan Phoenix, SandBird Studio
	Initial Date: 06/30/2016

		Version: 1.0
		
		Description: Template for sbPxrTextureFractalizer node.

	History:
	Version 1.0 - 06/30/2016 | Initial Release

-===========================================================================-
		All Rights Reserved © Ethan Phoenix. For personal use only.
	Commercial use is prohibited. Not for redistribution without permission.
-->
<templates>
	<template name='AEsbPxrTextureFractalizer'>
		<attribute name='manifold' type='maya.string'>
			<label>Manifold</label>
		</attribute>
		<attribute name='filename' type='maya.string'>
			<label>File Name</label>
		</attribute>
		<attribute name='firstChannel' type='maya.long'>
			<label>First Channel</label>
		</attribute>
		<attribute name='atlasStyle' type='maya.enum'>
			<label>Atlas Style</label>
		</attribute>
		<attribute name='invertT' type='maya.bool'>
			<label>Invert T</label>
		</attribute>
		<attribute name='filter' type='maya.enum'>
			<label>Filter</label>
		</attribute>
		<attribute name='blur' type='maya.float'>
			<label>Blur</label>
		</attribute>
		<attribute name='lerp' type='maya.bool'>
			<label>Mip Interpolate</label>
		</attribute>
		<attribute name='missingColor' type='maya.float3'>
			<label>Missing Color</label>
		</attribute>
		<attribute name='missingAlpha' type='maya.float'>
			<label>Missing Alpha</label>
		</attribute>
		<attribute name='linearize' type='maya.bool'>
			<label>Linearize</label>
		</attribute>
		<attribute name='remapOnA' type='maya.bool'>
			<label>Remap Control Group A</label>
		</attribute>
		<attribute name='inputMinA' type='maya.float'>
			<label>Input Min</label>
		</attribute>
		<attribute name='inputMaxA' type='maya.float'>
			<label>Input Max</label>
		</attribute>
		<attribute name='clampInputA' type='maya.bool'>
			<label>Clamp Input</label>
		</attribute>
		<attribute name='biasA' type='maya.float3'>
			<label>Bias</label>
		</attribute>
		<attribute name='gainA' type='maya.float3'>
			<label>Gain</label>
		</attribute>
		<attribute name='outputMinA' type='maya.float'>
			<label>Output Min</label>
		</attribute>
		<attribute name='outputMaxA' type='maya.float'>
			<label>Output Max</label>
		</attribute>
		<attribute name='clampOutputA' type='maya.bool'>
			<label>Clamp Output</label>
		</attribute>
		<attribute name='remapOnB' type='maya.bool'>
			<label>Remap Control Group B</label>
		</attribute>
		<attribute name='inputMinB' type='maya.float'>
			<label>Input Min</label>
		</attribute>
		<attribute name='inputMaxB' type='maya.float'>
			<label>Input Max</label>
		</attribute>
		<attribute name='clampInputB' type='maya.bool'>
			<label>Clamp Input</label>
		</attribute>
		<attribute name='biasB' type='maya.float3'>
			<label>Bias</label>
		</attribute>
		<attribute name='gainB' type='maya.float3'>
			<label>Gain</label>
		</attribute>
		<attribute name='outputMinB' type='maya.float'>
			<label>Output Min</label>
		</attribute>
		<attribute name='outputMaxB' type='maya.float'>
			<label>Output Max</label>
		</attribute>
		<attribute name='clampOutputB' type='maya.bool'>
			<label>Clamp Output</label>
		</attribute>
		<attribute name='fracType' type='maya.enum'>
			<label>Type</label>
		</attribute>
		<attribute name='fracAbsOption' type='maya.bool'>
			<label>Abs Option</label>
		</attribute>
		<attribute name='fracAbsWidth' type='maya.float'>
			<label>Abs Width</label>
		</attribute>
		<attribute name='fracInvert' type='maya.bool'>
			<label>Invert</label>
		</attribute>
		<attribute name='fracLayers' type='maya.long'>
			<label>Layers</label>
		</attribute>
		<attribute name='fracOffset' type='maya.float'>
			<label>Offset</label>
		</attribute>
		<attribute name='fracRotation' type='maya.float'>
			<label>Rotation</label>
		</attribute>
		<attribute name='fracVariation' type='maya.long'>
			<label>Variation</label>
		</attribute>
		<attribute name='fracFrequency' type='maya.float'>
			<label>Frequency</label>
		</attribute>
		<attribute name='fracLacunarity' type='maya.float'>
			<label>Lacunarity</label>
		</attribute>
		<attribute name='fracDimension' type='maya.float'>
			<label>Dimension</label>
		</attribute>
		<attribute name='fracGain' type='maya.float'>
			<label>Gain</label>
		</attribute>
		<attribute name='fracErosion' type='maya.float'>
			<label>Erosion</label>
		</attribute>
		<attribute name='caching' type='maya.bool'>
			<label>Caching</label>
		</attribute>
		<attribute name='nodeState' type='maya.enum'>
			<label>Node State</label>
		</attribute>
		<attribute name='_END_' type='maya.null'/>
	</template>
	<view name="Pxr" template="AEsbPxrTextureFractalizer">
		<property name='manifold'>
			<description language="cb">AEsbPxrTextureFractalizer</description>
		</property>
		<property name='filename'/>
		<property name='firstChannel'>
			<description language="cb">AEsbPxrTextureFractalizer</description>
		</property>
		<property name='atlasStyle'/>
		<property name='invertT'/>
		<property name='filter'/>
		<property name='blur'>
			<description language="cb">AEsbPxrTextureFractalizer</description>
		</property>
		<property name='lerp'/>
		<property name='missingColor'/>
		<property name='missingAlpha'>
			<description language="cb">AEsbPxrTextureFractalizer</description>
		</property>
		<property name='linearize'/>
		<group name='PatternRemapGroupA'>
			<label>Pattern Remap Group A</label> 
			<property name='remapOnA'/>
			<property name='inputMinA'>
				<description language="cb">AEsbPxrTextureFractalizer</description>
			</property>
			<property name='inputMaxA'>
				<description language="cb">AEsbPxrTextureFractalizer</description>
			</property>
			<property name='clampInputA'/>
			<property name='biasA'>
				<description language="cb">AEsbPxrTextureFractalizer</description>
			</property>
			<property name='gainA'>
				<description language="cb">AEsbPxrTextureFractalizer</description>
			</property>
			<property name='outputMinA'>
				<description language="cb">AEsbPxrTextureFractalizer</description>
			</property>
			<property name='outputMaxA'>
				<description language="cb">AEsbPxrTextureFractalizer</description>
			</property>
			<property name='clampOutputA'/>
		</group>
		<group name='PatternRemapGroupB'>
			<label>Pattern Remap Group B</label>
			<property name='remapOnB'/>
			<property name='inputMinB'>
				<description language="cb">AEsbPxrTextureFractalizer</description>
			</property>
			<property name='inputMaxB'>
				<description language="cb">AEsbPxrTextureFractalizer</description>
			</property>
			<property name='clampInputB'/>
			<property name='biasB'>
				<description language="cb">AEsbPxrTextureFractalizer</description>
			</property>
			<property name='gainB'>
				<description language="cb">AEsbPxrTextureFractalizer</description>
			</property>
			<property name='outputMinB'>
				<description language="cb">AEsbPxrTextureFractalizer</description>
			</property>
			<property name='outputMaxB'>
				<description language="cb">AEsbPxrTextureFractalizer</description>
			</property>
			<property name='clampOutputB'/>
		</group>
		<group name='sbFractalizerAttributes'>
			<label>sb Fractalizer Attributes</label>
			<property name='fracType'>
				<description language="cb">AEsbPxrTextureFractalizer</description>
			</property>
			<property name='fracAbsOption'>
				<description language="cb">AEsbPxrTextureFractalizer</description>
			</property>
			<property name='fracAbsWidth'>
				<description language="cb">AEsbPxrTextureFractalizer</description>
			</property>
			<property name='fracInvert'/>
			<group name='sbFractalizerAttributes2'>
				<label>sb Fractalizer Attributes 2</label>
				<property name='fracLayers'>
					<description language="cb">AEsbPxrTextureFractalizer</description>
				</property>
				<property name='fracOffset'>
					<description language="cb">AEsbPxrTextureFractalizer</description>
				</property>
				<property name='fracRotation'>
					<description language="cb">AEsbPxrTextureFractalizer</description>
				</property>
				<property name='fracVariation'>
					<description language="cb">AEsbPxrTextureFractalizer</description>
				</property>
				<property name='fracFrequency'>
					<description language="cb">AEsbPxrTextureFractalizer</description>
				</property>
				<property name='fracLacunarity'>
					<description language="cb">AEsbPxrTextureFractalizer</description>
				</property>
				<property name='fracDimension'>
					<description language="cb">AEsbPxrTextureFractalizer</description>
				</property>
				<property name='fracGain'>
					<description language="cb">AEsbPxrTextureFractalizer</description>
				</property>
				<property name='fracErosion'>
					<description language="cb">AEsbPxrTextureFractalizer</description>
				</property>
			</group>
		</group>
		<group name='NodeBehavior'>
			<label>Node Behavior</label> 
			<property name='caching'/>
			<property name='nodeState'/>
		</group>
		<property name='_END_'>
			<description language="cb">AEsbPxrTextureFractalizer</description>
		</property>
	</view>
</templates>