<?xml version='1.0' encoding='UTF-8'?>
<!--
	This script/template is part of RenderMan for Maya Enhancement Pack
	by Ethan Phoenix, SandBird Studio
	Initial Date: 11/29/2015

		Version: 2.0
		
		Description: Template for PxrMBrownian node.

	History:
	2.0 | 02/21/2016 |- Updated naming of template to allow compatibility with Maya original nodes
	1.0 | 11/29/2015 |- Initial release

-===========================================================================-
		All Rights Reserved © Ethan Phoenix. For personal use only.
	Commercial use is prohibited. Not for redistribution without permission.
-->
<templates>
	<template name='AEPxrMBrownian'>
		<attribute name='manifold' type='maya.string'>
			<label>Manifold</label>
		</attribute>
		<attribute name='lacunarity' type='maya.float'>
			<label>Lacunarity</label>
		</attribute>
		<attribute name='increment' type='maya.float'>
			<label>Increment</label>
		</attribute>
		<attribute name='octaves' type='maya.float'>
			<label>Octaves</label>
		</attribute>
		<attribute name='weight3d' type='maya.TdataCompound'>
			<label>Weight 3d</label>
		</attribute>
		<attribute name='defaultColor' type='maya.float3'>
			<label>Default Color</label>
		</attribute>
		<attribute name='colorGain' type='maya.float3'>
			<label>Color Gain</label>
		</attribute>
		<attribute name='colorOffset' type='maya.float3'>
			<label>Color Offset</label>
		</attribute>
		<attribute name='alphaGain' type='maya.float'>
			<label>Alpha Gain</label>
		</attribute>
		<attribute name='alphaOffset' type='maya.float'>
			<label>Alpha Offset</label>
		</attribute>
		<attribute name='alphaIsLuminance' type='maya.bool'>
			<label>Alpha Is Luminance</label>
		</attribute>
		<attribute name='filter' type='maya.float'>
			<label>Filter</label>
		</attribute>
		<attribute name='filterOffset' type='maya.float'>
			<label>Filter Offset</label>
		</attribute>
		<attribute name='invert' type='maya.bool'>
			<label>Invert</label>
		</attribute>
		<attribute name='wrap' type='maya.bool'>
			<label>Wrap</label>
		</attribute>
		<attribute name='local' type='maya.bool'>
			<label>Local</label>
		</attribute>
		<attribute name='blend' type='maya.float'>
			<label>Blend</label>
		</attribute>
		<attribute name='caching' type='maya.bool'>
			<label>Caching</label>
		</attribute>
		<attribute name='nodeState' type='maya.enum'>
			<label>Node State</label>
		</attribute>
		<attribute name='_END_' type='maya.null'/>
	</template>
	<view name="Pxr" template="AEPxrMBrownian">
		<group name='PxrMBrownianAttributes'>
			<label>Pxr Maya Brownian Attributes</label>
			<property name='manifold'>
				<description language="cb">AEPxrMBrownian</description>
			</property>
			<property name='lacunarity'>
				<description language="cb">AEPxrMBrownian</description>
			</property>
			<property name='increment'>
				<description language="cb">AEPxrMBrownian</description>
			</property>
			<property name='octaves'>
				<description language="cb">AEPxrMBrownian</description>
			</property>
			<property name='weight3d'>
				<description language="cb">AEPxrMBrownian</description>
			</property>
		</group>
		<group name='ColorBalance'>
			<label>Color Balance</label>
			<property name='defaultColor'/>
			<property name='colorGain'/>
			<property name='colorOffset'/>
			<property name='alphaGain'>
				<description language="cb">AEPxrMBrownian</description>
			</property>
			<property name='alphaOffset'>
				<description language="cb">AEPxrMBrownian</description>
			</property>
			<property name='alphaIsLuminance'/>
		</group>
		<group name='Effects'>
			<property name='filter'>
				<description language="cb">AEPxrMBrownian</description>
			</property>
			<property name='filterOffset'>
				<description language="cb">AEPxrMBrownian</description>
			</property>
			<property name='invert'/>
			<property name='wrap'/>
			<property name='local'/>
			<property name='blend'>
				<description language="cb">AEPxrMBrownian</description>
			</property>
		</group>
		<group name='NodeBehavior'>
			<label>Node Behavior</label>
			<property name='caching'/>
			<property name='nodeState'/>
		</group>
		<property name='_END_'>
			<description language="cb">AEPxrMBrownian</description>
		</property>
	</view>
</templates> 