<?xml version='1.0' encoding='UTF-8'?>
<!--
	This script/template is part of RenderMan for Maya Enhancement Pack
	by Ethan Phoenix, SandBird Studio
	Initial Date: 11/29/2015

		Version: 1.0
		
		Description: Template for PxrMMultiplyDivide node.

	History:
	Version 1.0 - 11/29/2015 | Initial Release

-===========================================================================-
		All Rights Reserved © Ethan Phoenix. For personal use only.
	Commercial use is prohibited. Not for redistribution without permission.
-->
<templates>
	<template name='AEPxrMMultiplyDivide'>
		<attribute name='operation' type='maya.enum'>
			<label>Operation</label>
		</attribute>
		<attribute name='input1' type='maya.float3'>
			<label>Input 1</label>
		</attribute>
		<attribute name='input2' type='maya.float3'>
			<label>Input 2</label>
		</attribute>
		<attribute name='caching' type='maya.bool'>
			<label>Caching</label>
		</attribute>
		<attribute name='nodeState' type='maya.enum'>
			<label>Node State</label>
		</attribute>
		<attribute name='_END_' type='maya.null'/> 
	</template>
	<view name="Pxr" template="AEPxrMMultiplyDivide">
		<group name='PxrMMultiplyDivideAttributes'>
		<label>Pxr Multiply Divide Attributes</label>
			<property name='operation'/>
			<property name='input1'>
				<description language="cb">AEPxrMMultiplyDivide</description> 
			</property>
			<property name='input2'>
				<description language="cb">AEPxrMMultiplyDivide</description> 
			</property>
		</group>
		<group name='NodeBehavior'>
		<label>Node Behavior</label>
			<property name='caching'/>
			<property name='nodeState'/>
		</group>
		<property name='_END_'>
			<description language="cb">AEPxrMMultiplyDivide</description>
		</property>
	</view>
</templates>