<?xml version='1.0' encoding='UTF-8'?>
<!--
	This script/template is part of RenderMan for Maya Enhancement Pack
	by Ethan Phoenix, SandBird Studio
	Initial Date: 06/30/2016

		Version: 1.0
		
		Description: Template for sbWorleyFPlusFractalizer node.

	History:
	Version 1.0 - 06/30/2016 | Initial Release

-===========================================================================-
		All Rights Reserved © Ethan Phoenix. For personal use only.
	Commercial use is prohibited. Not for redistribution without permission.
-->
<templates>
	<template name='AEsbWorleyFPlusFractalizer'>
		<attribute name='manifold' type='maya.string'>
			<label>Manifold</label>
		</attribute>
		<attribute name='seed' type='maya.float'>
			<label>Seed</label>
		</attribute>
		<attribute name='frequency' type='maya.float'>
			<label>Frequency</label>
		</attribute>
		<attribute name='distancemetric' type='maya.enum'>
			<label>Cell Type</label>
		</attribute>
		<attribute name='jitter' type='maya.float'>
			<label>Jitter</label>
		</attribute>
		<attribute name='clamp' type='maya.bool'>
			<label>Clamp</label>
		</attribute>
		<attribute name='c1' type='maya.float'>
			<label>C1</label>
		</attribute>
		<attribute name='c2' type='maya.float'>
			<label>C2</label>
		</attribute>
		<attribute name='stepsize' type='maya.float'>
			<label>Step Size</label>
		</attribute>
		<attribute name='remapOnA' type='maya.bool'>
			<label>Remap Control Group A</label>
		</attribute>
		<attribute name='inputMinA' type='maya.float'>
			<label>Input Min</label>
		</attribute>
		<attribute name='inputMaxA' type='maya.float'>
			<label>Input Max</label>
		</attribute>
		<attribute name='clampInputA' type='maya.bool'>
			<label>Clamp Input</label>
		</attribute>
		<attribute name='biasA' type='maya.float'>
			<label>Bias</label>
		</attribute>
		<attribute name='gainA' type='maya.float'>
			<label>Gain</label>
		</attribute>
		<attribute name='outputMinA' type='maya.float'>
			<label>Output Min</label>
		</attribute>
		<attribute name='outputMaxA' type='maya.float'>
			<label>Output Max</label>
		</attribute>
		<attribute name='clampOutputA' type='maya.bool'>
			<label>Clamp Output</label>
		</attribute>
		<attribute name='remapOnB' type='maya.bool'>
			<label>Remap Control Group B</label>
		</attribute>
		<attribute name='inputMinB' type='maya.float'>
			<label>Input Min</label>
		</attribute>
		<attribute name='inputMaxB' type='maya.float'>
			<label>Input Max</label>
		</attribute>
		<attribute name='clampInputB' type='maya.bool'>
			<label>Clamp Input</label>
		</attribute>
		<attribute name='biasB' type='maya.float'>
			<label>Bias</label>
		</attribute>
		<attribute name='gainB' type='maya.float'>
			<label>Gain</label>
		</attribute>
		<attribute name='outputMinB' type='maya.float'>
			<label>Output Min</label>
		</attribute>
		<attribute name='outputMaxB' type='maya.float'>
			<label>Output Max</label>
		</attribute>
		<attribute name='clampOutputB' type='maya.bool'>
			<label>Clamp Output</label>
		</attribute>
		<attribute name='fracType' type='maya.enum'>
			<label>Type</label>
		</attribute>
		<attribute name='fracAbsOption' type='maya.bool'>
			<label>Abs Option</label>
		</attribute>
		<attribute name='fracAbsWidth' type='maya.float'>
			<label>Abs Width</label>
		</attribute>
		<attribute name='fracInvert' type='maya.bool'>
			<label>Invert</label>
		</attribute>
		<attribute name='fracLayers' type='maya.long'>
			<label>Layers</label>
		</attribute>
		<attribute name='fracOffset' type='maya.float'>
			<label>Offset</label>
		</attribute>
		<attribute name='fracRotation' type='maya.float'>
			<label>Rotation</label>
		</attribute>
		<attribute name='fracVariation' type='maya.long'>
			<label>Variation</label>
		</attribute>
		<attribute name='fracFrequency' type='maya.float'>
			<label>Frequency</label>
		</attribute>
		<attribute name='fracLacunarity' type='maya.float'>
			<label>Lacunarity</label>
		</attribute>
		<attribute name='fracDimension' type='maya.float'>
			<label>Dimension</label>
		</attribute>
		<attribute name='fracGain' type='maya.float'>
			<label>Gain</label>
		</attribute>
		<attribute name='fracErosion' type='maya.float'>
			<label>Erosion</label>
		</attribute>
		<attribute name='caching' type='maya.bool'>
			<label>Caching</label>
		</attribute>
		<attribute name='nodeState' type='maya.enum'>
			<label>Node State</label>
		</attribute>
		<attribute name='_END_' type='maya.null'/>
	</template>
	<view name="Pxr" template="AEsbWorleyFPlusFractalizer">
		<property name='manifold'>
			<description language="cb">AEsbWorleyFPlusFractalizer</description>
		</property>
		<property name='seed'>
			<description language="cb">AEsbWorleyFPlusFractalizer</description>
		</property>
		<property name='frequency'>
			<description language="cb">AEsbWorleyFPlusFractalizer</description>
		</property>
		<property name='distancemetric'/>
		<property name='jitter'>
			<description language="cb">AEsbWorleyFPlusFractalizer</description>
		</property>
		<property name='clamp'/>
		<property name='c1'>
			<description language="cb">AEsbWorleyFPlusFractalizer</description>
		</property>
		<property name='c2'>
			<description language="cb">AEsbWorleyFPlusFractalizer</description>
		</property>
		<property name='stepsize'>
			<description language="cb">AEsbWorleyFPlusFractalizer</description>
		</property>
		<group name='PatternRemapGroupA'>
			<label>Pattern Remap Group A</label> 
			<property name='remapOnA'/>
			<property name='inputMinA'>
				<description language="cb">AEsbWorleyFPlusFractalizer</description>
			</property>
			<property name='inputMaxA'>
				<description language="cb">AEsbWorleyFPlusFractalizer</description>
			</property>
			<property name='clampInputA'/>
			<property name='biasA'>
				<description language="cb">AEsbWorleyFPlusFractalizer</description>
			</property>
			<property name='gainA'>
				<description language="cb">AEsbWorleyFPlusFractalizer</description>
			</property>
			<property name='outputMinA'>
				<description language="cb">AEsbWorleyFPlusFractalizer</description>
			</property>
			<property name='outputMaxA'>
				<description language="cb">AEsbWorleyFPlusFractalizer</description>
			</property>
			<property name='clampOutputA'/>
		</group>
		<group name='PatternRemapGroupB'>
			<label>Pattern Remap Group B</label>
			<property name='remapOnB'/>
			<property name='inputMinB'>
				<description language="cb">AEsbWorleyFPlusFractalizer</description>
			</property>
			<property name='inputMaxB'>
				<description language="cb">AEsbWorleyFPlusFractalizer</description>
			</property>
			<property name='clampInputB'/>
			<property name='biasB'>
				<description language="cb">AEsbWorleyFPlusFractalizer</description>
			</property>
			<property name='gainB'>
				<description language="cb">AEsbWorleyFPlusFractalizer</description>
			</property>
			<property name='outputMinB'>
				<description language="cb">AEsbWorleyFPlusFractalizer</description>
			</property>
			<property name='outputMaxB'>
				<description language="cb">AEsbWorleyFPlusFractalizer</description>
			</property>
			<property name='clampOutputB'/>
		</group>
		<group name='sbFractalizerAttributes'>
			<label>sb Fractalizer Attributes</label>
			<property name='fracType'>
				<description language="cb">AEsbWorleyFPlusFractalizer</description>
			</property>
			<property name='fracAbsOption'>
				<description language="cb">AEsbWorleyFPlusFractalizer</description>
			</property>
			<property name='fracAbsWidth'>
				<description language="cb">AEsbWorleyFPlusFractalizer</description>
			</property>
			<property name='fracInvert'/>
			<group name='sbFractalizerAttributes2'>
				<label>sb Fractalizer Attributes 2</label>
				<property name='fracLayers'>
					<description language="cb">AEsbWorleyFPlusFractalizer</description>
				</property>
				<property name='fracOffset'>
					<description language="cb">AEsbWorleyFPlusFractalizer</description>
				</property>
				<property name='fracRotation'>
					<description language="cb">AEsbWorleyFPlusFractalizer</description>
				</property>
				<property name='fracVariation'>
					<description language="cb">AEsbWorleyFPlusFractalizer</description>
				</property>
				<property name='fracFrequency'>
					<description language="cb">AEsbWorleyFPlusFractalizer</description>
				</property>
				<property name='fracLacunarity'>
					<description language="cb">AEsbWorleyFPlusFractalizer</description>
				</property>
				<property name='fracDimension'>
					<description language="cb">AEsbWorleyFPlusFractalizer</description>
				</property>
				<property name='fracGain'>
					<description language="cb">AEsbWorleyFPlusFractalizer</description>
				</property>
				<property name='fracErosion'>
					<description language="cb">AEsbWorleyFPlusFractalizer</description>
				</property>
			</group>
		</group>
		<group name='NodeBehavior'>
			<label>Node Behavior</label> 
			<property name='caching'/>
			<property name='nodeState'/>
		</group>
		<property name='_END_'>
			<description language="cb">AEsbWorleyFPlusFractalizer</description>
		</property>
	</view>
</templates>